mode,scenario,seed,control_period_s,success,goal_reached,reached_goal_tolerance,completed_dwell,safe_success,collision_failure,final_angular_error_l2_rad,final_prismatic_error_m,normalized_configuration_error,end_effector_error_m,end_effector_path_length_m,mean_selected_horizon_cost,realized_trajectory_cost,minimum_link_clearance_m,planning_time_mean_s,planning_time_median_s,planning_time_p95_s,planning_time_max_s,planning_time_total_s,planning_deadline_miss_fraction,query_solver_wall_time_s,fitting_plus_online_planning_time_s,execution_duration_s,control_steps,fallback_steps,no_motion_steps,planning_times_s,training_fitted,training_feasible,training_wall_time_s
gmm_heuristic,Benchmark Point-to-Point,0,0.05,True,True,True,True,True,False,0.0,0.0,0.0,0.0,0.29509052156449933,0.48389236601066415,1.6459914284039525,0.04287682265918312,0.13557090501417407,0.10318440000992268,0.27613335001515227,0.3090157000115141,2.711418100283481,0.85,3.24151449999772,3.2302938003558666,1.0,20,0,8,"[0.042447300045751035, 0.05968529998790473, 0.045288800029084086, 0.06073530006688088, 0.05903760006185621, 0.04215320001821965, 0.07500920002348721, 0.05047549994196743, 0.05651480006054044, 0.19249110005330294, 0.21859099995344877, 0.3090157000115141, 0.19535450008697808, 0.08320190000813454, 0.26156429992988706, 0.17863529990427196, 0.2573058999842033, 0.2744027000153437, 0.12316690001171082, 0.1263418000889942]",True,47,0.5188757000723854
heuristic,Benchmark Point-to-Point,0,0.05,True,True,True,True,True,False,0.0,0.0,0.0,0.0,0.29509052156449933,0.483693569782737,1.6459914284039525,0.04287682265918312,0.22118141000973993,0.20497994998004287,0.33840113502810715,0.40024109999649227,4.423628200194798,1.0,4.437816499965265,4.423628200194798,1.0,20,0,8,"[0.137039800058119, 0.2912591000786051, 0.20177479996345937, 0.25887759996112436, 0.1204799999250099, 0.1726984999841079, 0.1875133999856189, 0.22403249994385988, 0.21376539999619126, 0.20152280002366751, 0.33143400005064905, 0.270767500041984, 0.2525493000866845, 0.17140940006356686, 0.13603539997711778, 0.13517300004605204, 0.20818509999662638, 0.40024109999649227, 0.33514640002977103, 0.17372309998609126]",False,0,0.0
uniform,Benchmark Point-to-Point,0,0.05,False,False,True,False,False,False,0.1751383922655095,0.0005512024148702152,0.05037709896347734,0.055070177010307565,2.846753667009263,2.341120479307018,6.236470036516172,0.03805080019995505,0.0867516409989912,0.08865749998949468,0.10379066495224834,0.1260863000061363,8.67516409989912,0.97,8.74270050006453,8.67516409989912,5.0,100,0,0,"[0.09263919992372394, 0.09108479996211827, 0.08200119994580746, 0.10383179993368685, 0.0699382999446243, 0.07338730001356453, 0.051628599991090596, 0.09253699996042997, 0.0980326000135392, 0.0978015000000596, 0.08679940004367381, 0.09039629995822906, 0.09969940001610667, 0.11170609993860126, 0.1045354000525549, 0.07097200001589954, 0.06258460006210953, 0.09305460005998611, 0.0795408000703901, 0.0857632999541238, 0.09402810002211481, 0.08556849998421967, 0.08968710002955049, 0.08102350006811321, 0.07284279994200915, 0.07797470001969486, 0.0761699000140652, 0.10127760004252195, 0.07360600004903972, 0.0749841999495402, 0.09715269994921982, 0.09494169999379665, 0.09410760004539043, 0.09386099991388619, 0.09962550003547221, 0.09864290000405163, 0.07873880001716316, 0.07305020000785589, 0.08293800009414554, 0.1260863000061363, 0.09411740000359714, 0.09011670004110783, 0.07416790002025664, 0.07210460002534091, 0.08151320007164031, 0.09953060001134872, 0.0852845999179408, 0.08980939991306514, 0.0851130000082776, 0.07913820003159344, 0.09415309992618859, 0.08830310008488595, 0.08158849994651973, 0.08318660000804812, 0.08126670005731285, 0.07386019988916814, 0.08682369999587536, 0.1005192999728024, 0.09195819997694343, 0.08739840006455779, 0.09968700003810227, 0.09312880004290491, 0.10378849995322526, 0.08968289999756962, 0.0869308999972418, 0.09309079998638481, 0.08856399997603148, 0.08405910001602024, 0.0873691999586299, 0.08653440000489354, 0.0946680000051856, 0.08709789998829365, 0.04003879998344928, 0.031178000033833086, 0.039483999949879944, 0.07561319996602833, 0.08506409998517483, 0.08898519992362708, 0.07561409997288138, 0.0787752999458462, 0.09193200001027435, 0.09672769997268915, 0.08522229990921915, 0.10204720008186996, 0.09878500003833324, 0.09893139998894185, 0.08875100000295788, 0.07594690006226301, 0.092361000017263, 0.10913710005115718, 0.09114140004385263, 0.10303500003647059, 0.08855410001706332, 0.08574190002400428, 0.07198310003150254, 0.0891563999466598, 0.0927370999706909, 0.09380719996988773, 0.09068070002831519, 0.09493669995572418]",False,0,0.0
gmm_heuristic,Benchmark Obstacle Detour,0,0.05,False,False,False,False,False,False,0.5178509918640367,0.0022032420940872426,0.10289143690593894,0.24106524111433955,2.141963929188229,11.378479224378596,30.911607852253645,0.0011042591039246291,0.18124268000130542,0.159506700001657,0.3680074949515983,0.5945304000051692,18.12426800013054,0.89,19.82037390000187,19.699709700071253,5.0,100,15,15,"[0.08926989999599755, 0.17186960007529706, 0.18870579998474568, 0.3148767000529915, 0.293001199956052, 0.20555220008827746, 0.24496190005447716, 0.23885510000400245, 0.318428699974902, 0.353218000032939, 0.26220720005221665, 0.35098870005458593, 0.2954194999765605, 0.22691930003929883, 0.2481213000137359, 0.23322980001103133, 0.09516889997757971, 0.36611469998024404, 0.2344591999426484, 0.21518399997148663, 0.367119999951683, 0.10437720001209527, 0.5945304000051692, 0.4472208999795839, 0.10441449994686991, 0.3497100000968203, 0.10819430008996278, 0.2015164999756962, 0.08106270001735538, 0.3907181000104174, 0.2017803998896852, 0.23297759995330125, 0.21358490001875907, 0.10701859998516738, 0.3606184999225661, 0.3445060000522062, 0.3544024999719113, 0.3320488999597728, 0.4328771000728011, 0.20385419996455312, 0.3848698999499902, 0.23577989998739213, 0.24431239999830723, 0.3089672999922186, 0.09780420002061874, 0.340949899982661, 0.08729820000007749, 0.23545669997110963, 0.30808069999329746, 0.26415659999474883, 0.18285830004606396, 0.2564101000316441, 0.2772515999386087, 0.26636439992580563, 0.1208505000686273, 0.29888280003797263, 0.24475900002289563, 0.0836604000069201, 0.16900019999593496, 0.10441679996438324, 0.11244530009571463, 0.2315148999914527, 0.1629323000088334, 0.059799399925395846, 0.07317039999179542, 0.09438080003019422, 0.05589209997560829, 0.12221449997741729, 0.1180432999972254, 0.07866600004490465, 0.09331470006145537, 0.09192699997220188, 0.05110809998586774, 0.08895200002007186, 0.029943700064904988, 0.024184799985960126, 0.04582280002068728, 0.041617400012910366, 0.07555649999994785, 0.10933440004009753, 0.025283199967816472, 0.04967369989026338, 0.1560810999944806, 0.05422479996923357, 0.05512160004582256, 0.07553409994579852, 0.05636609997600317, 0.08884929993655533, 0.02517849998548627, 0.08573030005209148, 0.12643890001345426, 0.05681099998764694, 0.0305726999649778, 0.031578200054354966, 0.06522520002909005, 0.13563120004255325, 0.09789760003332049, 0.026176500017754734, 0.10468910005874932, 0.025169599917717278]",True,17,1.5754416999407113
heuristic,Benchmark Obstacle Detour,0,0.05,False,False,False,False,False,False,0.4155020774079773,0.0,0.06612920948443092,0.19724964149222007,2.631924219015509,10.693974189391549,25.421053327580836,0.00064152533679393,0.38311531199491583,0.3769664500723593,0.7559141099802218,1.2962857999373227,38.31153119949158,1.0,38.520444600027986,38.31153119949158,5.0,100,2,4,"[0.05125769996084273, 0.11836369999218732, 0.08506969991140068, 0.12675579998176545, 0.18765989993698895, 0.08453290001489222, 0.1401554000331089, 0.06644560000859201, 0.236607400001958, 0.19788079999852926, 0.11336650000885129, 0.153239700011909, 0.07788300001993775, 0.12308160006068647, 0.1902995000127703, 0.13673180004116148, 0.17755010002292693, 0.3794979000231251, 0.22033449995797127, 0.12779509997926652, 0.16846369998529553, 0.1035556000424549, 0.16265369998291135, 0.1410327999619767, 0.10937640001066029, 0.144333399948664, 0.1993023999966681, 0.06472460005898029, 0.18002600001636893, 0.13476569997146726, 0.2910017999820411, 0.2302738999715075, 0.14961209998000413, 0.31507820007391274, 0.3825076000066474, 0.7614261999260634, 0.2849533000262454, 0.567472199909389, 0.3514468999346718, 0.38434630003757775, 0.3059995999792591, 0.3101188000291586, 0.4458224999252707, 0.625707900035195, 0.3493490000255406, 0.5470438000047579, 0.6621099000331014, 0.41975999996066093, 0.34959879994858056, 0.4728885000804439, 0.30753160000313073, 0.3257177999475971, 0.3438078999752179, 0.44575449998956174, 0.6522533999523148, 0.38188689993694425, 0.48728479992132634, 0.5588072000537068, 0.48402610002085567, 0.3082879000576213, 0.8989964999491349, 0.6969765999820083, 0.46055199997499585, 0.10945360001642257, 0.5045018000528216, 0.47707870008889586, 0.38241580000612885, 0.37854150007478893, 0.6227281000465155, 0.6468531000427902, 0.37539140006992966, 0.6537036000518128, 0.2226276999572292, 0.2613188000395894, 0.45434310007840395, 0.7121494000311941, 0.5112597999395803, 0.5090072999009863, 0.5519184999866411, 0.6724544999888167, 0.5003479999722913, 0.576585799921304, 1.2962857999373227, 0.5221631999593228, 0.27477209991775453, 0.7215658000204712, 0.39243389992043376, 0.1330074000870809, 0.38646500010509044, 0.8035166000481695, 0.516195899923332, 0.5060823999810964, 0.4621571999741718, 1.0248014000244439, 0.450886599952355, 0.4846794999903068, 0.20553799998015165, 0.5643095999257639, 0.7272228999063373, 0.7556239999830723]",False,0,0.0
uniform,Benchmark Obstacle Detour,0,0.05,False,False,False,False,False,False,0.22905350264364718,0.0058293631739514545,0.1606062896756705,0.05852045002191134,2.798518633557338,4.967869686569929,10.973288773490903,0.0007395706495202659,0.11815858600311913,0.1113625000580214,0.17995387506089172,0.23686890001408756,11.815858600311913,1.0,11.943249000003561,11.815858600311913,5.0,100,0,0,"[0.10690979997161776, 0.10704499995335937, 0.10765900008846074, 0.09983259998261929, 0.10765550006181002, 0.12518809991888702, 0.13683890004176646, 0.16441450000274926, 0.11264499998651445, 0.13573970005381852, 0.13258760003373027, 0.2135357999941334, 0.19523569999728352, 0.1467665999662131, 0.14193870010785758, 0.12556279997806996, 0.1101966000860557, 0.15358410007320344, 0.1446234000613913, 0.12391570000909269, 0.23686890001408756, 0.16688120004255325, 0.18746599997393787, 0.21348869998473674, 0.17955850006546825, 0.1723774999845773, 0.10947130003478378, 0.12202800007071346, 0.11855420004576445, 0.09542509994935244, 0.09463579999282956, 0.11259849998168647, 0.10998269997071475, 0.11238330008927733, 0.10974360001273453, 0.1318548999261111, 0.08822019991930574, 0.10500620002858341, 0.12472189997788519, 0.10721310006920248, 0.11553820001427084, 0.09070319996681064, 0.12015520001295954, 0.1243058000691235, 0.11310780001804233, 0.10607310000341386, 0.10214299999643117, 0.09214099997188896, 0.0864284000126645, 0.08987849997356534, 0.09589300001971424, 0.12447380006778985, 0.1091761999996379, 0.10644939995836467, 0.0903682999778539, 0.09982160001527518, 0.08027639996726066, 0.08514780004043132, 0.10521119995974004, 0.08930190000683069, 0.08570419996976852, 0.15826000005472451, 0.11477100010961294, 0.11771770007908344, 0.12406140007078648, 0.08444210002198815, 0.13008529995568097, 0.1387636000290513, 0.0992848000023514, 0.05479700001887977, 0.1568663000361994, 0.11597809998784214, 0.1336426999187097, 0.12232820002827793, 0.09551509993616492, 0.11541460000444204, 0.12617279996629804, 0.087140699964948, 0.12687290005851537, 0.11565669998526573, 0.09695449995342642, 0.13298110000323504, 0.11888740002177656, 0.10895630007144064, 0.10953959997277707, 0.11034170002676547, 0.08792020007967949, 0.10666779999155551, 0.10809579992201179, 0.06945319997612387, 0.1201276999199763, 0.09955379995517433, 0.12153339991346002, 0.10055729991290718, 0.0933344999793917, 0.10017609992064536, 0.09293020004406571, 0.10335919994395226, 0.09966669999994338, 0.11439839995000511]",False,0,0.0
gmm_heuristic,Benchmark Multi-Axis Motion,0,0.05,True,True,True,True,True,False,0.0,0.0,0.0,0.0,0.5166380554375446,3.7496295782667923,6.701798887860491,0.02680004681646915,0.1678734535733903,0.1579219000414014,0.2679837049974594,0.3013005000539124,4.700456700054929,1.0,5.700146700022742,5.679599400027655,1.4000000000000001,28,0,8,"[0.0745979999192059, 0.11235249997116625, 0.15723880007863045, 0.23271010001190007, 0.19026159995701164, 0.13584620004985482, 0.23328489996492863, 0.12683610001113266, 0.11657529999502003, 0.1364767000777647, 0.14116980007383972, 0.1642619000049308, 0.15860500000417233, 0.1264452999457717, 0.13197290000971407, 0.2548500000266358, 0.2196242999052629, 0.27505569998174906, 0.21220629999879748, 0.3013005000539124, 0.0765433000633493, 0.09683549997862428, 0.16704730002675205, 0.225525000016205, 0.0910364999435842, 0.22033600008580834, 0.13460150000173599, 0.1868596998974681]",True,48,0.9791426999727264
heuristic,Benchmark Multi-Axis Motion,0,0.05,True,True,True,True,True,False,0.0,0.0,0.0,0.0,0.5161431282231232,3.748846014157961,6.700182540341218,0.02680004681646915,0.23181443928375042,0.22817384998779744,0.3792649100010749,0.410734299919568,6.490804299945012,1.0,6.5128379999659956,6.490804299945012,1.4000000000000001,28,0,8,"[0.13019619998522103, 0.24288000003434718, 0.21392939996439964, 0.27865919994655997, 0.08503400010522455, 0.1408284999197349, 0.1365476999199018, 0.22408059996087104, 0.12920490000396967, 0.1386406000237912, 0.3823846000013873, 0.28722560009919107, 0.2411119999596849, 0.2639786000363529, 0.23226710001472384, 0.31765599991194904, 0.3734712000004947, 0.25065040006302297, 0.18433860002551228, 0.31131440005265176, 0.1954232999123633, 0.410734299919568, 0.3436266001081094, 0.12848650000523776, 0.18982700002379715, 0.2872549999738112, 0.2177263000048697, 0.1533256999682635]",False,0,0.0
uniform,Benchmark Multi-Axis Motion,0,0.05,False,False,False,False,False,False,0.16026720292373342,0.003260193234101115,0.09415229688761498,0.04432839586753895,2.830002925573989,3.093592395833281,11.231866000534016,0.02680004681646915,0.08577280099969357,0.08507584995822981,0.101026424911106,0.12825530010741204,8.577280099969357,1.0,8.646829700097442,8.577280099969357,5.0,100,0,0,"[0.08121289999689907, 0.07452300004661083, 0.07049309997819364, 0.07813180005177855, 0.10184349992778152, 0.09465690003708005, 0.08209959999658167, 0.08665200008545071, 0.08750969998072833, 0.0981362999882549, 0.11046590004116297, 0.08698639995418489, 0.08473969995975494, 0.09217660001013428, 0.08030840009450912, 0.09639890003018081, 0.08041240007150918, 0.09717029996681958, 0.07915350003167987, 0.07898360001854599, 0.07434829999692738, 0.10101499990560114, 0.09204289992339909, 0.09256010001990944, 0.08982819993980229, 0.0811924000736326, 0.08776909997686744, 0.0868239999981597, 0.08715949999168515, 0.08441909996327013, 0.07362070004455745, 0.08894209994468838, 0.07484769995789975, 0.07358680001925677, 0.07177250005770475, 0.09053199994377792, 0.08471570000983775, 0.08151490008458495, 0.09192879998590797, 0.08744280005339533, 0.08515139995142817, 0.08375449990853667, 0.08263640000950545, 0.0768010999308899, 0.08964880008716136, 0.06869959994219244, 0.08354159991722554, 0.07938989996910095, 0.08577910007443279, 0.08401180000510067, 0.07048819994088262, 0.08889030001591891, 0.1006131999893114, 0.08640349993947893, 0.07788389991037548, 0.07555899990256876, 0.08002570003736764, 0.08221870008856058, 0.08500029996503145, 0.09267040004488081, 0.08615670003928244, 0.08833289996255189, 0.08977439999580383, 0.08207230002153665, 0.08374359994195402, 0.07423770008608699, 0.06965540000237525, 0.0841628999914974, 0.09176250000018626, 0.12825530010741204, 0.08668280008714646, 0.07689080003183335, 0.08362399996258318, 0.08051060000434518, 0.08721229992806911, 0.08252920000813901, 0.06871930009219795, 0.08834829996339977, 0.08564669999759644, 0.08443129993975163, 0.10045820008963346, 0.10364149999804795, 0.08296959998551756, 0.0788998999632895, 0.0707719000056386, 0.08772719989065081, 0.08496010000817478, 0.0961828000145033, 0.09012319997418672, 0.07948439999017864, 0.09159259998705238, 0.09650019998662174, 0.07436530000995845, 0.09934940002858639, 0.0872494000941515, 0.0909084000159055, 0.09293170005548745, 0.10124350001569837, 0.08962639991659671, 0.07826089998707175]",False,0,0.0
gmm_heuristic,Benchmark Point-to-Point,1,0.05,True,True,True,True,True,False,0.0073493332146513865,0.0014169820825439931,0.03549928355509368,0.0026604644151531523,0.2977509859796525,0.4842116691708468,1.6494408067187332,0.04287682265918312,0.1539771450101398,0.16065070003969595,0.21357445006142378,0.3207449000328779,3.079542900202796,1.0,4.019402100006118,4.005346800200641,1.0,20,0,7,"[0.2014924999093637, 0.12328429997432977, 0.15871380001772195, 0.19160999997984618, 0.1933950000675395, 0.09892269992269576, 0.2079339000629261, 0.13902599993161857, 0.07641790003981441, 0.19615940004587173, 0.08021839999128133, 0.3207449000328779, 0.11637719999998808, 0.16258760006166995, 0.09200389997567981, 0.20064180006738752, 0.17059990006964654, 0.18450550001580268, 0.07889040000736713, 0.08601780002936721]",True,48,0.9258038999978453
heuristic,Benchmark Point-to-Point,1,0.05,True,True,True,True,True,False,0.0,0.0,0.0,0.0,0.29509052156449933,0.4837003798605375,1.6459914284039525,0.04287682265918312,0.23775207999860867,0.24084975000005215,0.33653510000440295,0.366167499916628,4.755041599972174,1.0,4.768450899980962,4.755041599972174,1.0,20,0,8,"[0.17873000004328787, 0.3147635000059381, 0.18260870000813156, 0.24708130001090467, 0.33497550000902265, 0.14586899999994785, 0.2827576999552548, 0.1727007000008598, 0.2308847000822425, 0.180409999913536, 0.2556512999581173, 0.22347730002366006, 0.31608320004306734, 0.27637940004933625, 0.366167499916628, 0.11722499993629754, 0.24929140007589012, 0.24880339996889234, 0.19656379998195916, 0.23461819998919964]",False,0,0.0
uniform,Benchmark Point-to-Point,1,0.05,False,False,False,False,False,False,0.09379278472701516,0.009104804046858851,0.22946181245202837,0.02761871895121089,2.8496427077840365,3.0673340419461077,7.053846086231092,0.041639085873167114,0.09092544099548831,0.09150884998962283,0.11071048503508792,0.11950649996288121,9.092544099548832,1.0,9.163684000028297,9.092544099548832,5.0,100,0,0,"[0.0881212999811396, 0.07888220006134361, 0.10726760001853108, 0.07449110003653914, 0.08183160005137324, 0.1011427000630647, 0.08926740009337664, 0.07141650002449751, 0.08922039996832609, 0.11161150003317744, 0.09382430010009557, 0.0978411000687629, 0.08616549998987466, 0.09272830002009869, 0.07514259999152273, 0.07592560001648962, 0.0896352999843657, 0.08684679993893951, 0.10014090000186116, 0.0981795999687165, 0.06722600001376122, 0.10838109999895096, 0.09160300006624311, 0.09474020008929074, 0.09389000001829118, 0.08028700004797429, 0.09885339997708797, 0.11070960003416985, 0.08676760003436357, 0.10033030004706234, 0.09759719995781779, 0.10115970007609576, 0.09537290001753718, 0.08128180005587637, 0.07759570004418492, 0.07114769995678216, 0.09302370005752891, 0.08196849992964417, 0.09011530003044754, 0.11950649996288121, 0.10216209990903735, 0.0767585999565199, 0.08372379990760237, 0.10009689989965409, 0.09216579992789775, 0.08840020000934601, 0.0914139999076724, 0.0888095999835059, 0.10579969990067184, 0.08848939999006689, 0.08275369997136295, 0.08569760003592819, 0.08839900000020862, 0.11041859991382807, 0.08436569990590215, 0.10340020002331585, 0.09600140003021806, 0.08277710003312677, 0.07467130001168698, 0.0797719000838697, 0.08319659996777773, 0.0902123999549076, 0.08988860005047172, 0.08382880000863224, 0.09403190005104989, 0.10485769994556904, 0.09240929991938174, 0.09150119998957962, 0.10084219998680055, 0.09840490005444735, 0.09961119992658496, 0.08508819993585348, 0.07493629993405193, 0.08145109994802624, 0.11286110000219196, 0.10374519997276366, 0.09281379997264594, 0.09520390001125634, 0.09442149999085814, 0.1130975999403745, 0.1021310999058187, 0.11072730005253106, 0.07465759990736842, 0.09151649998966604, 0.08225580002181232, 0.09405419998802245, 0.09524729999247938, 0.07597630005329847, 0.0829056000802666, 0.09999529994092882, 0.0941164999967441, 0.10995409998577088, 0.09426219994202256, 0.08224040002096444, 0.08153959992341697, 0.0953146000392735, 0.09905790002085268, 0.053246699972078204, 0.07904240000061691, 0.07458309992216527]",False,0,0.0
gmm_heuristic,Benchmark Obstacle Detour,1,0.05,False,False,False,False,False,False,0.4165558457625415,0.0,0.06629692192693362,0.19774264750794182,2.472552110154754,11.135497397919615,26.18320001285479,0.0007589680980478741,0.26063911300851034,0.24125414999434724,0.470880284946179,0.6601213000249118,26.063911300851032,1.0,27.945833100005984,27.75729250081349,5.0,100,9,6,"[0.4353730999864638, 0.2609427999705076, 0.19629880005959421, 0.3850080999545753, 0.2558814000803977, 0.10284080007113516, 0.11860080005135387, 0.2957978000631556, 0.43786399997770786, 0.09706649999134243, 0.10271840007044375, 0.3753803001018241, 0.4236691000405699, 0.3672746999654919, 0.5046800000127405, 0.2770791999064386, 0.4337124000303447, 0.3303163000382483, 0.3341565999435261, 0.29024020000360906, 0.3281066999770701, 0.1239882999798283, 0.34144919994287193, 0.24337080004625022, 0.37919739994686097, 0.19277730002067983, 0.18421720003243536, 0.18419790000189096, 0.21973559993784875, 0.27753710001707077, 0.09337420004885644, 0.25098410004284233, 0.21807619999162853, 0.20440559997223318, 0.4189380999887362, 0.15966810006648302, 0.20983299997169524, 0.3336291000014171, 0.18121559999417514, 0.27810330002103, 0.2347412999952212, 0.14424050005618483, 0.17934209993109107, 0.23913749994244426, 0.4031252999557182, 0.18093330005649477, 0.19735180004499853, 0.22856459999457002, 0.2363658999092877, 0.2515261999797076, 0.41182799998205155, 0.2452529000584036, 0.48089789994992316, 0.6601213000249118, 0.2942864000797272, 0.19181500002741814, 0.22355130000505596, 0.37673460005316883, 0.33243049995508045, 0.35224050004035234, 0.36657740001101047, 0.10669539996888489, 0.2191471999976784, 0.21381979994475842, 0.34605359996203333, 0.2522370000369847, 0.22550530009903014, 0.21918030001688749, 0.2129246999975294, 0.3772756999824196, 0.20256570004858077, 0.34063550003338605, 0.48380369995720685, 0.07291520002763718, 0.47079139994457364, 0.23742969997692853, 0.29542149999178946, 0.0883625999558717, 0.2016628000419587, 0.17360050010029227, 0.09374150005169213, 0.3273704999592155, 0.1200282999780029, 0.2539931000210345, 0.19950430002063513, 0.4480624001007527, 0.09818440000526607, 0.08751650003250688, 0.28852309996727854, 0.4725690999766812, 0.09144430002197623, 0.1781131000025198, 0.14858230005484074, 0.07750370004214346, 0.08504100004211068, 0.09797970007639378, 0.30075219995342195, 0.3181846000952646, 0.17897230002563447, 0.37904689996503294]",True,15,1.6933811999624595
heuristic,Benchmark Obstacle Detour,1,0.05,False,False,False,False,False,False,0.45245923974418495,0.0,0.0736822882667835,0.21302100069493043,2.7736856308224422,10.796152551636064,26.807451290708983,0.0010367852510946157,0.45168978400412013,0.44822870002826676,0.7683600699820089,0.9784416999900714,45.168978400412016,1.0,45.42252979998011,45.168978400412016,5.0,100,2,2,"[0.5841320999898016, 0.16529100004117936, 0.27574519999325275, 0.5632997000357136, 0.23642049997579306, 0.2536001999396831, 0.4772143999580294, 0.26425930007826537, 0.4295279000652954, 0.20328769995830953, 0.6245987999718636, 0.3944832000415772, 0.38875379995442927, 0.178683300036937, 0.5048887999728322, 0.48466029996052384, 0.23170040000695735, 0.4366993000730872, 0.4810831999639049, 0.34533620008733124, 0.3000027999514714, 0.4952610000036657, 0.32417259993962944, 0.5412800000049174, 0.23656440002378076, 0.20000950002577156, 0.6401184999849647, 0.4206122000468895, 0.4528992000268772, 0.5947294000070542, 0.5592065000673756, 0.6446906999917701, 0.5415490000741556, 0.7230681000510231, 0.6476263999938965, 0.5909059999976307, 0.6966875999933109, 0.29599370004143566, 0.19709479995071888, 0.10255369998048991, 0.2879538000561297, 0.10452629998326302, 0.4456357000162825, 0.1991458999691531, 0.6772293000249192, 0.4855039999820292, 0.46325289993546903, 0.34260219999123365, 0.5921248999657109, 0.3743106999900192, 0.3526203000219539, 0.4107015000190586, 0.5877188999438658, 0.24043759994674474, 0.7023962000384927, 0.2681431999662891, 0.6563998999772593, 0.5330466999439523, 0.6396080999402329, 0.20647119998466223, 0.40554489998612553, 0.47378600004594773, 0.38014480005949736, 0.2023885000962764, 0.18736590002663434, 0.21639590000268072, 0.9784416999900714, 0.33037640003021806, 0.6379979000193998, 0.3929740000749007, 0.9182633999735117, 0.5165111999958754, 0.5501923999981955, 0.3512540999799967, 0.49900429998524487, 0.9210940999910235, 0.3558082999661565, 0.5899425999959931, 0.7160221000667661, 0.8760586000280455, 0.4882891000015661, 0.20012880000285804, 0.4829664999851957, 0.5022388000506908, 0.7656677999766544, 0.450821700040251, 0.22024890000466257, 0.4297264999477193, 0.669371800031513, 0.35266009997576475, 0.4426994000095874, 0.46363629994448274, 0.2304913999978453, 0.8195132000837475, 0.252943400060758, 0.4411903000436723, 0.607429499970749, 0.6959222001023591, 0.3269266999559477, 0.5280181999551132]",False,0,0.0
uniform,Benchmark Obstacle Detour,1,0.05,False,False,False,False,False,False,0.497175310786843,0.008556029841919104,0.25806053410293095,0.1461586746104229,2.8107337079197907,13.56645775497397,32.39202151539037,0.0014801707652205565,0.1329972879914567,0.13049114996101707,0.19470077996957116,0.2294307000702247,13.299728799145669,1.0,13.434327099937946,13.299728799145669,5.0,100,0,0,"[0.08651629998348653, 0.06919849989935756, 0.10831669997423887, 0.10742600006051362, 0.13518139999359846, 0.10127670003566891, 0.1483677999349311, 0.15262059995438904, 0.19769490009639412, 0.13549159991089255, 0.1374705999623984, 0.18449709995184094, 0.19203089992515743, 0.1947878000792116, 0.15944910002872348, 0.11110070010181516, 0.10821370000485331, 0.16198089998215437, 0.12505700008478016, 0.12167020002380013, 0.1405139999696985, 0.11981000006198883, 0.1434797999681905, 0.10460789990611374, 0.09489190008025616, 0.11747830000240356, 0.10323429992422462, 0.15266060002613813, 0.17260099994018674, 0.13760159991215914, 0.19189570005983114, 0.1180394000839442, 0.13699259993154556, 0.11662069999147207, 0.10087209998164326, 0.10789450001902878, 0.1022867999272421, 0.12096949992701411, 0.10110099997837096, 0.11140539997722954, 0.0920058999909088, 0.0991175000090152, 0.09160879999399185, 0.14183920004870743, 0.09249479998834431, 0.11495790001936257, 0.13925349991768599, 0.09418350004125386, 0.13632869999855757, 0.14929059997666627, 0.13007999991532415, 0.15948399994522333, 0.1630910000531003, 0.14331640000455081, 0.10537780006416142, 0.11500700004398823, 0.11715229996480048, 0.14171669993083924, 0.12306799995712936, 0.11559940001461655, 0.0934084999607876, 0.1120836999034509, 0.1122979000210762, 0.12486410001292825, 0.12648990005254745, 0.134702599956654, 0.10021179995965213, 0.09681300004012883, 0.08198290003929287, 0.16439970000647008, 0.13874319999013096, 0.17796889995224774, 0.13641829998232424, 0.1185342000098899, 0.09521449997555465, 0.10882530000526458, 0.1338654999854043, 0.14510080008767545, 0.15476429997943342, 0.09319090005010366, 0.1267772999126464, 0.11346770008094609, 0.10202239989303052, 0.1281013999832794, 0.14453940000385046, 0.1663660000776872, 0.14524840004742146, 0.14539579988922924, 0.21924879995640367, 0.1598288998939097, 0.13731389993336052, 0.17123029998037964, 0.19822779996320605, 0.1946961999638006, 0.2294307000702247, 0.18966399994678795, 0.13090230000671, 0.14019110007211566, 0.16248179995454848, 0.14643600000999868]",False,0,0.0
gmm_heuristic,Benchmark Multi-Axis Motion,1,0.05,True,True,True,True,True,False,0.0,0.0,0.0,0.0,0.5181307395654189,3.749485663472072,6.701829832352758,0.02680004681646915,0.16504723928353218,0.1597663500579074,0.2582559400121681,0.31277489999774843,4.621322699938901,1.0,5.618589199963026,5.600180299952626,1.4000000000000001,28,0,7,"[0.2581977000227198, 0.12285919999703765, 0.15052990010008216, 0.2565649999305606, 0.08991410001181066, 0.06969030003529042, 0.18875009997282177, 0.1316971000051126, 0.08225059998221695, 0.2234493000432849, 0.08710409991908818, 0.31277489999774843, 0.14379390003159642, 0.2126128999516368, 0.08264959999360144, 0.2325822999700904, 0.20205219998024404, 0.2068632000591606, 0.08010000002104789, 0.0766105999937281, 0.21821829990949482, 0.14338999998290092, 0.2582873000064865, 0.09431299997959286, 0.17865580006036907, 0.13726450002286583, 0.16900280001573265, 0.21114399994257838]",True,48,0.9788576000137255
heuristic,Benchmark Multi-Axis Motion,1,0.05,True,True,True,True,True,False,0.0,0.0,0.0,0.0,0.5166380554375446,3.749024002695218,6.701798887860491,0.02680004681646915,0.25319316784901147,0.26188255002489313,0.38044870996964153,0.4281765000196174,7.089408699772321,1.0,7.11128000007011,7.089408699772321,1.4000000000000001,28,0,8,"[0.33730989997275174, 0.2713763000210747, 0.19519200001377612, 0.28133000002708286, 0.2908704999135807, 0.21634719998110086, 0.26369930000510067, 0.314754500053823, 0.28523999999742955, 0.4281765000196174, 0.1969443999696523, 0.2091065999120474, 0.3003099999623373, 0.09991299989633262, 0.15954230003990233, 0.29146710003260523, 0.2853529999265447, 0.19882139994297177, 0.2687987999524921, 0.14197470003273338, 0.18518560007214546, 0.403677299967967, 0.2534328999463469, 0.2495983000844717, 0.2600658000446856, 0.2644252000609413, 0.2267913999967277, 0.20970469992607832]",False,0,0.0
uniform,Benchmark Multi-Axis Motion,1,0.05,False,False,False,False,False,False,0.13712443155391268,0.005104804046858855,0.13078034960440646,0.05659230977170574,2.8015391464176824,3.827176659751983,12.061084714404323,0.02680004681646915,0.08832645300310105,0.09077169996453449,0.1072141499549616,0.11406439996790141,8.832645300310105,0.99,8.907460400019772,8.832645300310105,5.0,100,0,0,"[0.08684429991990328, 0.0909393000183627, 0.09109180001541972, 0.09686160006094724, 0.10242619994096458, 0.07205229997634888, 0.09765419992618263, 0.07866520003881305, 0.08456430002115667, 0.10486680001486093, 0.08441520004998893, 0.07437849999405444, 0.08644570002797991, 0.07596790010575205, 0.10127690003719181, 0.09060409991070628, 0.10147140000481158, 0.07379669998772442, 0.10017990006599575, 0.10867200000211596, 0.09674930002074689, 0.08875280001666397, 0.09439350001048297, 0.09394240006804466, 0.09277290001045913, 0.09330800001043826, 0.060559900011867285, 0.06525370001327246, 0.08164049999322742, 0.05709999997634441, 0.03236129996366799, 0.10716689995024353, 0.09435280004981905, 0.0964446000289172, 0.10811190004460514, 0.10940020007546991, 0.08164760004729033, 0.08458239992614836, 0.09926879999693483, 0.09331959998235106, 0.07814180001150817, 0.08726039994508028, 0.07127180008683354, 0.07424540002830327, 0.07473300001583993, 0.09423689998220652, 0.08724990009795874, 0.08827499998733401, 0.09275289997458458, 0.09183319995645434, 0.09960640000645071, 0.07949630008079112, 0.08200259995646775, 0.10284599999431521, 0.09805819997563958, 0.058518099947832525, 0.07667069998569787, 0.08004289993550628, 0.0893830000422895, 0.0950023999903351, 0.10411840002052486, 0.1003595000365749, 0.08587339997757226, 0.09047579998150468, 0.08361740002874285, 0.08599900000263005, 0.0915476999944076, 0.08283660002052784, 0.050496799987740815, 0.08271320001222193, 0.05331250000745058, 0.0829477000515908, 0.07874899997841567, 0.10632620006799698, 0.09521180007141083, 0.10126469994429499, 0.11023860005661845, 0.10098009998910129, 0.0755438000196591, 0.07894559996202588, 0.096642000018619, 0.08091689995490015, 0.09974610002245754, 0.09831470006611198, 0.09234480001032352, 0.0813013999722898, 0.08030639996286482, 0.07491069997195154, 0.11406439996790141, 0.09781980002298951, 0.09917029994539917, 0.10164799995254725, 0.09109619993250817, 0.09251569991465658, 0.09054680005647242, 0.10215199994854629, 0.09762710006907582, 0.10045549995265901, 0.0852055000141263, 0.07837290002498776]",False,0,0.0
gmm_heuristic,Benchmark Point-to-Point,2,0.05,True,True,True,True,True,False,0.0,0.0,0.0,0.0,0.29509052156449933,0.48389236601066415,1.6459914284039525,0.04287682265918312,0.1641984349989798,0.151265449996572,0.26582448991830465,0.3122451000381261,3.283968699979596,1.0,4.334437799989246,4.321165099972859,1.0,20,0,8,"[0.123711800086312, 0.25846100004855543, 0.24023499991744757, 0.16447620000690222, 0.19321980001404881, 0.2633812999119982, 0.3122451000381261, 0.1222328000003472, 0.12940819992218167, 0.05028289998881519, 0.05537080008070916, 0.20509559998754412, 0.15475260000675917, 0.170112399966456, 0.21269660000689328, 0.12502150004729629, 0.10129749996121973, 0.14108159998431802, 0.11310770001728088, 0.1477782999863848]",True,48,1.0371963999932632
heuristic,Benchmark Point-to-Point,2,0.05,True,True,True,True,True,False,0.0,0.0,0.0,0.0,0.29509052156449933,0.48389236601066415,1.6459914284039525,0.04287682265918312,0.2752063500054646,0.2819060500478372,0.3717170549964067,0.4330995000200346,5.504127000109293,1.0,5.524534299969673,5.504127000109293,1.0,20,0,8,"[0.31160950008779764, 0.21871130005456507, 0.331035100040026, 0.20484090002719313, 0.25272709992714226, 0.4330995000200346, 0.2150950999930501, 0.20265410002321005, 0.3302465999731794, 0.28698169998824596, 0.31537159997969866, 0.30197939998470247, 0.2859987000701949, 0.18312479997985065, 0.23933949996717274, 0.272878099931404, 0.18268730002455413, 0.3684863999951631, 0.2778134000254795, 0.2894469000166282]",False,0,0.0
uniform,Benchmark Point-to-Point,2,0.05,False,False,True,False,False,False,0.07759800261776571,0.004839032973314568,0.12262580478717183,0.027939303729670163,2.778855920818255,2.153641317382793,5.232833588554252,0.03808540583526354,0.09023574599530548,0.0928646499523893,0.11354016498080455,0.1262015999527648,9.023574599530548,0.96,9.099371500080451,9.023574599530548,5.0,100,0,0,"[0.10373009997420013, 0.09657499997410923, 0.0855016999412328, 0.06914110004436225, 0.09384059999138117, 0.0961949999909848, 0.09048319992143661, 0.09059469995554537, 0.09157549997325987, 0.0846538000041619, 0.09391189995221794, 0.10302860010415316, 0.071511400048621, 0.08285450004041195, 0.09557170001789927, 0.07579010003246367, 0.08266229997389019, 0.09264619997702539, 0.09883669996634126, 0.09470869996584952, 0.10800170002039522, 0.10552720003761351, 0.10358679993078113, 0.09713730006478727, 0.10487310006283224, 0.08621959993615746, 0.09785380004905164, 0.10089160001371056, 0.09308309992775321, 0.08342589996755123, 0.042050100048072636, 0.06616679998114705, 0.08288680005352944, 0.09032560000196099, 0.09455859998706728, 0.08046249998733401, 0.040136999916285276, 0.08906200004275888, 0.08439909992739558, 0.08261649997439235, 0.08079859998542815, 0.07873409998137504, 0.09356559999287128, 0.08309119998011738, 0.09789999993517995, 0.09983959991950542, 0.0660490000154823, 0.05416890000924468, 0.05266370007302612, 0.11005020001903176, 0.09607149998191744, 0.10483570001088083, 0.10456999996677041, 0.09395199990831316, 0.10562839999329299, 0.09309440001379699, 0.10096259997226298, 0.08958840009290725, 0.03920130000915378, 0.054866400081664324, 0.10508880007546395, 0.07973900006618351, 0.08284469996578991, 0.07785530004184693, 0.11346929997671396, 0.10287339997012168, 0.1262015999527648, 0.0841068000299856, 0.0853030999423936, 0.09257280000019819, 0.07177810010034591, 0.08994749991688877, 0.0930932000046596, 0.08833659999072552, 0.09864250000100583, 0.10397099994588643, 0.1155730999307707, 0.11962289991788566, 0.09954750002361834, 0.09335350000765175, 0.1148866000585258, 0.10366609995253384, 0.08093659998849034, 0.09248600003775209, 0.0944205999840051, 0.07957279996480793, 0.08586160000413656, 0.0876923999749124, 0.049816700047813356, 0.07425449998117983, 0.10198300005868077, 0.10985509993042797, 0.11249520001001656, 0.10850679990835488, 0.105335499974899, 0.09026129997801036, 0.09494940005242825, 0.11604580003768206, 0.08025600004475564, 0.08966239995788783]",False,0,0.0
gmm_heuristic,Benchmark Obstacle Detour,2,0.05,False,False,False,False,False,False,0.3958686511001664,0.0004930971986251524,0.06709307729113331,0.1863677662316421,2.2454431012820963,11.040973405609005,25.737468066929264,0.0005701963671611437,0.29839200800750404,0.27814190002391115,0.5517117850540671,0.7675103000365198,29.839200800750405,1.0,31.841981400037184,31.62613860075362,5.0,100,8,9,"[0.2080530000384897, 0.10111079993657768, 0.43656970001757145, 0.2620001001050696, 0.2936352000106126, 0.22863259993027896, 0.4496908000437543, 0.10748000000603497, 0.42746900010388345, 0.07899479998741299, 0.23728319990914315, 0.2718878999585286, 0.49420410010498017, 0.4101588000776246, 0.1221012999303639, 0.3856181000592187, 0.3526079000439495, 0.493588300072588, 0.10429290006868541, 0.09475679998286068, 0.22981889999937266, 0.278175099985674, 0.27834710001479834, 0.14021189999766648, 0.39736800000537187, 0.2790076000383124, 0.4988990999991074, 0.2561281999805942, 0.281692499993369, 0.4777073999866843, 0.24013300007209182, 0.26573300000745803, 0.308194600045681, 0.48538860003463924, 0.32482659991364926, 0.3356405000668019, 0.2165915999794379, 0.13907469995319843, 0.25084770005196333, 0.3454337000148371, 0.4995607000309974, 0.19400060002226382, 0.09909150004386902, 0.5698606999358162, 0.21235889999661595, 0.30640710005536675, 0.10492109996266663, 0.09331769996788353, 0.2216944000683725, 0.2434275000123307, 0.22269830002915114, 0.22760660003405064, 0.4543788000009954, 0.2968887999886647, 0.551270900061354, 0.26479100005235523, 0.4632818999234587, 0.2781087000621483, 0.11735300009604543, 0.382208599941805, 0.17687870003283024, 0.10093389998655766, 0.20986120007000864, 0.33482670004013926, 0.21712110005319118, 0.32920799998100847, 0.2068626000545919, 0.20176589989569038, 0.20116619998589158, 0.2229635000694543, 0.10654409998096526, 0.29945100005716085, 0.29455249989405274, 0.09746970003470778, 0.3084610999794677, 0.4152146000415087, 0.30025440000463277, 0.41419959999620914, 0.24385239998809993, 0.38966540002729744, 0.1820507999509573, 0.5600885999156162, 0.423136799945496, 0.3228786999825388, 0.47530839999672025, 0.41924719989765435, 0.14220739994198084, 0.6372431000927463, 0.26636909996159375, 0.2571449999231845, 0.4491101000458002, 0.42684820003341883, 0.3679677000036463, 0.08555519999936223, 0.26278800005093217, 0.7675103000365198, 0.10792849992867559, 0.37066709995269775, 0.24423960002604872, 0.6070765000768006]",True,15,1.7869378000032157
heuristic,Benchmark Obstacle Detour,2,0.05,False,False,False,False,False,False,0.4921090972453539,0.0003601729475429978,0.0812114806206198,0.23063030863098127,2.7906232423340875,11.030809218184565,28.890428783400417,0.0005084217067612279,0.25468625299632547,0.20738315000198781,0.5633516800357028,0.8712632999522611,25.46862529963255,0.99,25.60548349993769,25.46862529963255,5.0,100,2,4,"[0.5402011000551283, 0.2396942999912426, 0.47950989997480065, 0.7003280000062659, 0.15027700003702193, 0.8712632999522611, 0.7109324000775814, 0.0956217999337241, 0.5586970000294968, 0.20727969997096807, 0.2538634999655187, 0.1984948000172153, 0.3280045000137761, 0.24876589991617948, 0.47169050003867596, 0.2606489999452606, 0.3084945000009611, 0.3468289999291301, 0.32119909999892116, 0.29021400003694, 0.3255735000129789, 0.21259900007862598, 0.5954080999363214, 0.3052151999436319, 0.14865250000730157, 0.28071730001829565, 0.1709141000173986, 0.2593849999830127, 0.3472585000563413, 0.32021340006031096, 0.36949700000695884, 0.2957108999835327, 0.23074779997114092, 0.3171949000097811, 0.09054650005418807, 0.36672149994410574, 0.16715999995358288, 0.24846339994110167, 0.33230869995895773, 0.3916415999410674, 0.39823900000192225, 0.15347859996836632, 0.18320189998485148, 0.455005900003016, 0.4339005999499932, 0.3085694999899715, 0.3783609999809414, 0.3582734999945387, 0.534892600029707, 0.22899520001374185, 0.12394809990655631, 0.42544119991362095, 0.7212722999975085, 0.5616645000409335, 0.13193989999126643, 0.297120500006713, 0.17053289990872145, 0.19143330003134906, 0.1379941999912262, 0.1428071999689564, 0.23492299998179078, 0.06939109996892512, 0.1055204999865964, 0.226083799963817, 0.154592499951832, 0.08685469999909401, 0.10811799997463822, 0.13824620004743338, 0.19422750000376254, 0.3008642999920994, 0.19258909998461604, 0.19023720000404865, 0.12254060001578182, 0.14454729994758964, 0.1868479000404477, 0.10928199999034405, 0.2813554999884218, 0.14461439999286085, 0.1464270999422297, 0.19078599999193102, 0.1899592000991106, 0.18018910009413958, 0.1325143000576645, 0.07708770001772791, 0.10409079992678016, 0.07871390006039292, 0.20748660003300756, 0.07828289992175996, 0.24605409998912364, 0.12944779999088496, 0.15154770005028695, 0.05745960003696382, 0.1601744000799954, 0.06245880003552884, 0.0649948000209406, 0.1734219000209123, 0.026371999992989004, 0.14035290002357215, 0.11074829997960478, 0.0742096999892965]",False,0,0.0
uniform,Benchmark Obstacle Detour,2,0.05,False,False,False,False,False,False,0.4193519677495442,0.011942865655428209,0.32427094112747734,0.10917636826768141,2.765383095085424,12.666546489969944,30.39974021301738,0.0011321507473170678,0.036413336996920405,0.032572199997957796,0.06316433492465875,0.08171139995101839,3.6413336996920407,0.13,3.679818299948238,3.6413336996920407,5.0,100,0,0,"[0.02345489989966154, 0.024950799997895956, 0.024356800015084445, 0.02875950001180172, 0.026762999943457544, 0.023210500017739832, 0.024915199959650636, 0.027373500051908195, 0.04311289999168366, 0.047341000055894256, 0.03863450000062585, 0.041706199990585446, 0.031923600006848574, 0.026252899901010096, 0.027222500066272914, 0.02781710005365312, 0.024783200002275407, 0.024206900037825108, 0.02544350002426654, 0.02456920000258833, 0.025313000078313053, 0.025041099986992776, 0.024351200088858604, 0.021520800073631108, 0.02310819993726909, 0.022403599927201867, 0.02557239995803684, 0.024501000065356493, 0.031714099925011396, 0.039177099941298366, 0.04129850002937019, 0.02703919995110482, 0.043754099984653294, 0.04803920001722872, 0.03501910006161779, 0.02950930001679808, 0.03477170004043728, 0.02328810002654791, 0.02390270004980266, 0.02932979993056506, 0.02427629998419434, 0.024644499993883073, 0.024968700017780066, 0.030320400022901595, 0.031530699925497174, 0.03499959991313517, 0.03537970001343638, 0.03953690000344068, 0.03878229996189475, 0.04034900001715869, 0.035274599911645055, 0.07173009996768087, 0.04981749993748963, 0.08150819991715252, 0.07578760001342744, 0.050243700039573014, 0.054585999925620854, 0.04471830010879785, 0.042124199913814664, 0.05078519997186959, 0.06308609992265701, 0.08171139995101839, 0.06465079996269196, 0.053652900038287044, 0.05960939999204129, 0.04935180000029504, 0.04267580003943294, 0.06223609996959567, 0.03534699999727309, 0.04272520006634295, 0.04138390009757131, 0.05208099994342774, 0.03587230003904551, 0.03905819996725768, 0.031440300052054226, 0.029321299982257187, 0.03172969992738217, 0.03032699995674193, 0.025892200064845383, 0.028345800004899502, 0.031166500062681735, 0.031318599940277636, 0.031252200016751885, 0.030164299998432398, 0.035485300002619624, 0.02927499997895211, 0.02807330002542585, 0.030259600025601685, 0.026034299982711673, 0.03105590003542602, 0.03887869999743998, 0.042256400105543435, 0.03421760001219809, 0.03981180000118911, 0.03322079998906702, 0.033914599916897714, 0.03463359992019832, 0.03547410003375262, 0.036666300031356514, 0.04086119995918125]",False,0,0.0
gmm_heuristic,Benchmark Multi-Axis Motion,2,0.05,True,True,True,True,True,False,0.0,0.0,0.0,0.0,0.5179808969176269,3.7495186666628366,6.702871300656881,0.02680004681646915,0.04941664643618943,0.05104884994216263,0.07914037503069266,0.09123050002381206,1.3836661002133042,0.5357142857142857,1.6642667000414804,1.6573613001964986,1.4000000000000001,28,0,8,"[0.0708698999369517, 0.09123050002381206, 0.06209570006467402, 0.039530200068838894, 0.024068199913017452, 0.024312000023201108, 0.05355180008336902, 0.0502619999460876, 0.035418199957348406, 0.05349379999097437, 0.02351430000271648, 0.0242629999993369, 0.05302019999362528, 0.03910840000025928, 0.025499400100670755, 0.07218659995123744, 0.04103259998373687, 0.04078259994275868, 0.04006760008633137, 0.07313869998324662, 0.05435140000190586, 0.08187510003335774, 0.07406160002574325, 0.022959199966862798, 0.04010660003405064, 0.06740180007182062, 0.053629000089131296, 0.05183569993823767]",True,48,0.27369519998319447
heuristic,Benchmark Multi-Axis Motion,2,0.05,True,True,True,True,True,False,0.0,0.0,0.0,0.0,0.5166380554375446,3.749312023705618,6.701798887860491,0.02680004681646915,0.06980233928438143,0.06707094993907958,0.10606115998234598,0.10978110006544739,1.95446549996268,0.8571428571428571,1.9610809999285266,1.95446549996268,1.4000000000000001,28,0,8,"[0.0790561999892816, 0.0484825000166893, 0.07859269995242357, 0.05023509997408837, 0.06398730003274977, 0.1090398000087589, 0.06031279999297112, 0.05876250006258488, 0.10978110006544739, 0.0684555999469012, 0.08160079992376268, 0.08271970006171614, 0.08220619999337941, 0.05165130004752427, 0.06460259994491935, 0.07282970007508993, 0.06506439996883273, 0.10052939993329346, 0.07212290004827082, 0.07409230002667755, 0.049726399942301214, 0.06234479998238385, 0.036492699990049005, 0.033864400000311434, 0.06568629993125796, 0.08060990006197244, 0.09605249995365739, 0.0555636000353843]",False,0,0.0
uniform,Benchmark Multi-Axis Motion,2,0.05,False,False,True,False,False,False,0.11255963339808937,0.005132962927888,0.13304031540582636,0.025390958776158098,2.801233420487957,3.299463508364785,10.979185921554148,0.02680004681646915,0.023261756993597373,0.023272849968634546,0.024980195058742535,0.027114000055007637,2.3261756993597373,0.0,2.346904000034556,2.3261756993597373,5.0,100,0,0,"[0.02459919999819249, 0.02574559999629855, 0.024116399930790067, 0.025388600071892142, 0.02172920003067702, 0.022909900057129562, 0.025875300052575767, 0.022139100008644164, 0.0224877999862656, 0.022676499909721315, 0.022444100002758205, 0.022077100002206862, 0.02118709997739643, 0.021155199967324734, 0.022586000035516918, 0.027114000055007637, 0.024718800093978643, 0.023777800030075014, 0.024659700109623373, 0.021707199979573488, 0.02329959999769926, 0.021666100015863776, 0.023106499924324453, 0.024144900031387806, 0.023786499979905784, 0.023768099956214428, 0.023558399989269674, 0.023199800052680075, 0.023297499981708825, 0.023248199955560267, 0.024232700001448393, 0.022488199989311397, 0.023834299994632602, 0.024017199990339577, 0.023954899981617928, 0.02371750003658235, 0.02444800001103431, 0.024639599956572056, 0.024481600034050643, 0.024882399942725897, 0.023947899928316474, 0.022510500042699277, 0.021396800060756505, 0.021170199965126812, 0.024626300088129938, 0.02351569989696145, 0.02427910000551492, 0.023140399949625134, 0.023575900006107986, 0.02385110000614077, 0.020562699995934963, 0.022634000051766634, 0.02311760000884533, 0.021880599902942777, 0.021842300076968968, 0.0223824999993667, 0.022332999971695244, 0.023165399907156825, 0.023020799970254302, 0.02394119999371469, 0.023134100018069148, 0.023062000051140785, 0.022839399985969067, 0.02300220006145537, 0.02308920002542436, 0.023217300069518387, 0.0224997999612242, 0.02200739993713796, 0.021893199998885393, 0.022028399980627, 0.022587199928238988, 0.02110079990234226, 0.022275600000284612, 0.02092309994623065, 0.022632700041867793, 0.022888400009833276, 0.02048320008907467, 0.022854699986055493, 0.02411449991632253, 0.02356179989874363, 0.022258999990299344, 0.026373600005172193, 0.024958700058050454, 0.024121299968101084, 0.02441549999639392, 0.024263700004667044, 0.022622999968007207, 0.023598099942319095, 0.023348300019279122, 0.024104399955831468, 0.023755300091579556, 0.024137299973517656, 0.023931499919854105, 0.02426099998410791, 0.023380699916742742, 0.02391889994032681, 0.023698900011368096, 0.024078199989162385, 0.024131499929353595, 0.020861199940554798]",False,0,0.0
gmm_heuristic,Benchmark Point-to-Point,3,0.05,True,True,True,True,True,False,0.0,0.0,0.0,0.0,0.2965002722029398,0.4843152218495371,1.6460622619086587,0.04287682265918312,0.04574781499686651,0.04585320001933724,0.07089690493885431,0.11236829997505993,0.9149562999373302,0.35,1.1892202999442816,1.1850504998583347,1.0,20,0,7,"[0.11236829997505993, 0.04339820006862283, 0.0389883000170812, 0.02536209998652339, 0.048308199970051646, 0.049979500006884336, 0.037700099986977875, 0.024031500099226832, 0.023520100046880543, 0.05115860002115369, 0.03712570003699511, 0.023934099939651787, 0.04927329998463392, 0.03563139995094389, 0.05153810000047088, 0.05236609990242869, 0.05258400004822761, 0.06871419993694872, 0.05175250000320375, 0.03722199995536357]",True,48,0.2700941999210045
heuristic,Benchmark Point-to-Point,3,0.05,True,True,True,True,True,False,0.0,0.0,0.0,0.0,0.29508387014144066,0.48375303513159923,1.6446686506168866,0.04287682265918312,0.06888307000044733,0.06621979997726157,0.10278529499191792,0.1179073000093922,1.3776614000089467,0.75,1.3822208000347018,1.3776614000089467,1.0,20,0,8,"[0.05162050004582852, 0.04771630000323057, 0.10198939999099821, 0.04372229997534305, 0.07596529996953905, 0.06580899993423373, 0.0745583000825718, 0.0636218999279663, 0.09469180006999522, 0.04851200000848621, 0.09341239999048412, 0.03654660005122423, 0.1179073000093922, 0.07607910002116114, 0.07269640010781586, 0.06598950002808124, 0.04999499989207834, 0.06645009992644191, 0.07358520000707358, 0.05679299996700138]",False,0,0.0
uniform,Benchmark Point-to-Point,3,0.05,False,False,False,False,False,False,0.05736511741800156,0.002617334811559166,0.06673064159570752,0.0228113014955329,2.8244764148489936,2.3824802032031367,5.537586966483763,0.03818721500423877,0.023622657001251355,0.023633800039533526,0.02603532506036572,0.02780420007184148,2.3622657001251355,0.0,2.38333209999837,2.3622657001251355,5.0,100,0,0,"[0.025309700053185225, 0.02555609995033592, 0.025556699954904616, 0.026134599931538105, 0.025416400050744414, 0.02471889997832477, 0.02716389996930957, 0.02569969999603927, 0.022401100024580956, 0.02458750002551824, 0.024007600033655763, 0.02366979990620166, 0.025013100006617606, 0.02463749994058162, 0.02513379999436438, 0.026152399950660765, 0.024970000027678907, 0.023408500012010336, 0.024869699962437153, 0.022978699998930097, 0.02286399994045496, 0.02407469996251166, 0.024533499963581562, 0.023797400062903762, 0.023330299998633564, 0.023500699899159372, 0.022672399994917214, 0.02394280000589788, 0.02402869996149093, 0.020982900052331388, 0.022308100014925003, 0.02341680007521063, 0.023541599977761507, 0.024554000003263354, 0.022345799952745438, 0.022216400015167892, 0.02392329997383058, 0.026438099914230406, 0.02575480006635189, 0.024048799998126924, 0.02393560006748885, 0.023914200020954013, 0.023934500059112906, 0.023576400009915233, 0.02365099999587983, 0.02503180003259331, 0.023694499977864325, 0.02399320004042238, 0.023845599964261055, 0.02382539992686361, 0.02357530000153929, 0.023751899949274957, 0.023758199997246265, 0.023897900013253093, 0.02355589997023344, 0.022762199980206788, 0.021751999971456826, 0.021507999976165593, 0.021960100042633712, 0.02261700003873557, 0.021657500066794455, 0.02288930001668632, 0.021722600096836686, 0.02431460004299879, 0.024140199995599687, 0.02367340005002916, 0.02385250001680106, 0.022135899984277785, 0.021575700026005507, 0.02333979995455593, 0.023726699990220368, 0.023616600083187222, 0.022574799950234592, 0.0223631999688223, 0.023006599978543818, 0.02133809996303171, 0.023355500074103475, 0.02276049996726215, 0.022667500074021518, 0.023176099988631904, 0.022259199991822243, 0.023401499958708882, 0.0251816000090912, 0.02409389999229461, 0.0226433000061661, 0.024679900030605495, 0.02312350005377084, 0.02219899999909103, 0.023844000068493187, 0.021745000034570694, 0.022473699995316565, 0.023180400021374226, 0.026030100067146122, 0.02228070003911853, 0.023081299965269864, 0.022725599934346974, 0.02780420007184148, 0.022061399999074638, 0.021430999971926212, 0.021937799989245832]",False,0,0.0
gmm_heuristic,Benchmark Obstacle Detour,3,0.05,False,False,False,False,False,False,0.4794284040790598,0.0006033685126960349,0.07783310216358676,0.22683983978833938,2.3872950640121813,10.970034955205406,28.23323303000771,0.0009680110816166487,0.2023366719984915,0.1567065499839373,0.48199395497213104,0.671835400047712,20.23366719984915,0.93,20.788929200032726,20.650916199781932,5.0,100,9,9,"[0.14721199998166412, 0.08271929994225502, 0.06233420001808554, 0.028388199978508055, 0.05982860003132373, 0.09327150008175522, 0.08519030001480132, 0.02331429999321699, 0.11106969998218119, 0.05100259999744594, 0.050395799917168915, 0.07864630001131445, 0.057267499971203506, 0.060512399999424815, 0.06539320002775639, 0.030675299931317568, 0.1251764000626281, 0.06134450004901737, 0.03104560007341206, 0.05281769996508956, 0.05647500010672957, 0.11247109994292259, 0.10144209989812225, 0.10917359997984022, 0.17559400002937764, 0.09290759998839349, 0.02298430004157126, 0.0815067000221461, 0.09390679991338402, 0.06033559993375093, 0.025808800011873245, 0.0670972999650985, 0.10457550000865012, 0.14273029996547848, 0.07159069995395839, 0.18413229996804148, 0.07768779993057251, 0.07535140006802976, 0.19550330005586147, 0.1450031999265775, 0.02672049996908754, 0.07061850000172853, 0.11868830001913011, 0.3433285999344662, 0.2309408999281004, 0.640408500097692, 0.47987579996697605, 0.5502904000459239, 0.31124549999367446, 0.22260199999436736, 0.671835400047712, 0.38036310009192675, 0.21883139992132783, 0.39199640008155257, 0.11226940003689378, 0.5222389000700787, 0.3216549000935629, 0.17248250008560717, 0.21143020002637058, 0.4299458999885246, 0.3234429999720305, 0.42224159999750555, 0.18925880000460893, 0.12221049994695932, 0.16620109998621047, 0.3654513999354094, 0.18799500004388392, 0.22751110000535846, 0.2176071999128908, 0.3254359000129625, 0.12091340008191764, 0.22514760005287826, 0.2822893999982625, 0.22026690002530813, 0.33820130000822246, 0.20813929999712855, 0.42981529992539436, 0.09477930003777146, 0.46907510003075004, 0.11039639997761697, 0.23519290005788207, 0.23641600005794317, 0.41579659993294626, 0.3667506000492722, 0.21319030004087836, 0.41959229996427894, 0.3765608000103384, 0.5270873999688774, 0.2435693999286741, 0.2731453999876976, 0.0949220999609679, 0.4055106999585405, 0.09532199997920543, 0.11286680004559457, 0.20139199995901436, 0.10430059989448637, 0.09551419992931187, 0.33030380005948246, 0.37889019993599504, 0.2793136000400409]",True,17,0.41724899993278086
heuristic,Benchmark Obstacle Detour,3,0.05,False,False,False,False,False,False,0.4144395485997733,0.0,0.06596010277242771,0.19675248145196472,2.787969750956214,10.709623197093418,25.454336655276784,0.0005832722204238555,0.45995451899827455,0.4426327499677427,0.8063106149435043,1.157964100013487,45.99545189982746,1.0,46.248887500027195,45.99545189982746,5.0,100,2,2,"[0.2913416000083089, 0.3136147999903187, 0.21843480004463345, 0.23148800001945347, 0.4679990999866277, 0.3486424000002444, 0.9932832000777125, 0.5022664000280201, 0.5211782000260428, 0.4656031000195071, 0.3576628000009805, 1.1383978000376374, 0.8140629000263289, 0.6032305000117049, 0.4705631999531761, 0.24154019996058196, 0.46153380000032485, 0.4515459999674931, 0.3094787000445649, 0.6330564999952912, 0.17168289993423969, 0.1969210000243038, 0.8059025999391451, 0.29539400001522154, 0.3086697000544518, 0.2404675999423489, 0.36745109991170466, 0.45185790001414716, 0.5228352999547496, 0.3648225999204442, 0.33905830001458526, 0.5683078999863937, 0.11641510005574673, 0.4304061000002548, 0.4070823999354616, 0.3239773999666795, 0.6391619000351056, 0.2945781999733299, 0.7244566000299528, 0.30056050000712276, 0.650208399980329, 0.37955240008886904, 0.5397417999338359, 0.22572570003103465, 0.4575035000452772, 0.3643309000181034, 0.41956239996943623, 0.756908499985002, 0.312249300070107, 0.09659550001379102, 0.3982724000234157, 0.6593312000622973, 0.7129319000523537, 0.37987629999406636, 0.48799970000982285, 0.5024516000412405, 0.3370936999563128, 0.6071190999355167, 0.08892349991947412, 0.17705579998437315, 0.7208165000192821, 0.40627120004501194, 0.49814419995527714, 1.157964100013487, 0.7791929999366403, 0.5643955999985337, 0.22667030000593513, 0.4024353000568226, 0.564760799985379, 0.3523658999474719, 0.24889000004623085, 0.317449500085786, 0.936835499946028, 0.3239369000075385, 0.7276925999904051, 0.3707702999236062, 0.247367599979043, 0.4961452001007274, 0.20242660003714263, 0.4337194999679923, 0.3239594000624493, 0.32202990003861487, 0.6372242999495938, 0.22131589998025447, 0.45628689997829497, 0.42479840002488345, 0.5264058000175282, 0.6733803000533953, 0.5220105999615043, 0.6183656000066549, 0.7628676999593154, 0.6028427999699488, 0.4575593000045046, 0.46089450002182275, 0.621457599918358, 0.48880589997861534, 0.4846343999961391, 0.3304949998855591, 0.4596857998985797, 0.3638145000441]",False,0,0.0
uniform,Benchmark Obstacle Detour,3,0.05,False,False,False,False,False,False,0.31541465336861096,0.012121233851768443,0.3182891368656442,0.09582948457268574,2.9109797570917078,12.472645519844026,23.510434480362218,0.001529518923788914,0.13665958698838948,0.13283344998490065,0.20581515001249498,0.23176320001948625,13.66595869883895,1.0,13.805185400065966,13.66595869883895,5.0,100,0,0,"[0.10658669995609671, 0.08115899993572384, 0.09387550002429634, 0.10892859997693449, 0.0968721000244841, 0.1067167998990044, 0.1326083999592811, 0.1046268999343738, 0.09141819993965328, 0.11513549997471273, 0.12757259991485626, 0.09594039991497993, 0.11355240002740175, 0.10692639998160303, 0.11086249991785735, 0.10655199992470443, 0.0878761000931263, 0.08538800000678748, 0.0813603000715375, 0.08336489996872842, 0.10404230002313852, 0.09180419996846467, 0.08767180005088449, 0.10930680006276816, 0.11400659999344498, 0.12095190002582967, 0.19317630003206432, 0.1691372999921441, 0.14736860000994056, 0.14188830007333308, 0.14439720008522272, 0.133783100056462, 0.14872589998412877, 0.18674230005126446, 0.14529110002331436, 0.17310719995293766, 0.1366096999263391, 0.11704919999465346, 0.15202769997995347, 0.129808499943465, 0.1115695999469608, 0.1452788000460714, 0.1438017999753356, 0.13993539998773485, 0.11575380002614111, 0.09862859989516437, 0.12952299998141825, 0.12983029999304563, 0.1281318999826908, 0.11206279997713864, 0.0874947999836877, 0.08203869999852031, 0.14228289993479848, 0.1333570999559015, 0.18772229994647205, 0.18437209993135184, 0.12816079996991903, 0.17168849997688085, 0.12843459995929152, 0.13293399999383837, 0.10649819998070598, 0.13423710002098233, 0.128840500023216, 0.12047830002848059, 0.1723762999754399, 0.14851590001489967, 0.17002269998192787, 0.15167679998558015, 0.14056269999127835, 0.15479369997046888, 0.13273289997596294, 0.2082666999194771, 0.19949859997723252, 0.20572620001621544, 0.20768560003489256, 0.183498700032942, 0.18252050003502518, 0.1609851000830531, 0.15429119998589158, 0.16532599995844066, 0.14770780003163964, 0.134966199984774, 0.18231369997374713, 0.19620319991372526, 0.2075051999418065, 0.15208070003427565, 0.18527090002316982, 0.16942990000825375, 0.23176320001948625, 0.15329729998484254, 0.15110190003179014, 0.21018099994398654, 0.1291313999099657, 0.110994299990125, 0.10240340000018477, 0.12029529991559684, 0.09746880002785474, 0.10533459996804595, 0.0968210999853909, 0.1359340000199154]",False,0,0.0
gmm_heuristic,Benchmark Multi-Axis Motion,3,0.05,True,True,True,True,True,False,0.0,0.0,0.0,0.0,0.5165475101145646,3.749172365612338,6.70153127280441,0.02680004681646915,0.16784962858322874,0.17654864996438846,0.26048871004022656,0.3195488000055775,4.699789600330405,1.0,5.703559200046584,5.684404800413176,1.4000000000000001,28,0,8,"[0.14180330000817776, 0.1341472000349313, 0.17887679999694228, 0.20160220004618168, 0.24680010008160025, 0.09529139997903258, 0.14292190002743155, 0.26785950001794845, 0.1917572000529617, 0.086284099961631, 0.1302020000293851, 0.12680740002542734, 0.1354927000356838, 0.22310100006870925, 0.19751880003605038, 0.14660259999800473, 0.23105439997743815, 0.08063109999056906, 0.19574999995529652, 0.18033040000591427, 0.12350559991318733, 0.07134939997922629, 0.18394250003620982, 0.17422049993183464, 0.22953400004189461, 0.1956314000999555, 0.06722329999320209, 0.3195488000055775]",True,48,0.9846152000827715
heuristic,Benchmark Multi-Axis Motion,3,0.05,True,True,True,True,True,False,0.0,0.0,0.0,0.0,0.5166380554375446,3.74937910263879,6.701798887860491,0.02680004681646915,0.251712578569173,0.24026389996288344,0.3812644750345498,0.42861579998862,7.047952199936844,1.0,7.067236200091429,7.047952199936844,1.4000000000000001,28,0,8,"[0.1939348999876529, 0.1967002999735996, 0.42861579998862, 0.15408200002275407, 0.2596754999831319, 0.178242800058797, 0.30468699999619275, 0.26085810002405196, 0.21966569998767227, 0.30380440002772957, 0.25501329998951405, 0.19762500002980232, 0.3779550000326708, 0.3680479000322521, 0.2828304000431672, 0.23504890000913292, 0.241393500007689, 0.1954472999786958, 0.3316550999879837, 0.18832459999248385, 0.17661219998262823, 0.10562649997882545, 0.15889069996774197, 0.3830465000355616, 0.20275169995147735, 0.23913429991807789, 0.36395269993226975, 0.24433010001666844]",False,0,0.0
uniform,Benchmark Multi-Axis Motion,3,0.05,False,False,False,False,False,False,0.05736511741800156,0.002617334811559166,0.06673064159570752,0.0228113014955329,2.7533310532363484,4.279759638802783,12.966568387830119,0.02680004681646915,0.09020150799886323,0.09010349994059652,0.10905754007981158,0.11825749999843538,9.020150799886324,0.99,9.091972999973223,9.020150799886324,5.0,100,0,0,"[0.08854220004286617, 0.08837390004191548, 0.10009750002063811, 0.08338460000231862, 0.08097349992021918, 0.0961393000325188, 0.08517699991352856, 0.07793449994642287, 0.10547389998100698, 0.0836650999262929, 0.10569459991529584, 0.08949619997292757, 0.08219930005725473, 0.09484329994302243, 0.09145499998703599, 0.10308310005348176, 0.0862444998929277, 0.07887389999814332, 0.0831461000489071, 0.09013019991107285, 0.09518579998984933, 0.07989699998870492, 0.09152979997452348, 0.08870059996843338, 0.09308200003579259, 0.0746327000670135, 0.07926179992500693, 0.1025784999364987, 0.08467440004460514, 0.07420050003565848, 0.09196889994200319, 0.09536820009816438, 0.08246760000474751, 0.0578874999191612, 0.09503789991140366, 0.09007679997012019, 0.08779270004015416, 0.09621270000934601, 0.09753989998716861, 0.07927030010614544, 0.07593779999297112, 0.09198649995960295, 0.09106650005560368, 0.056923799915239215, 0.10862569999881089, 0.08247919997666031, 0.09655290003865957, 0.09417900000698864, 0.08354440005496144, 0.11096020007971674, 0.10196480003651232, 0.08258490008302033, 0.08772930002305657, 0.08632819994818419, 0.08178729994688183, 0.08821549999993294, 0.10478549997787923, 0.10479879996273667, 0.09163279994390905, 0.08982440002728254, 0.09404660004656762, 0.08515410008840263, 0.09187610005028546, 0.11290659999940544, 0.10139630001503974, 0.08792959991842508, 0.07468770002014935, 0.10272030008491129, 0.09418759995605797, 0.10586819995660335, 0.08894050004892051, 0.07898400002159178, 0.07100820005871356, 0.07535269996151328, 0.07979940006043762, 0.09491520002484322, 0.09476439992431551, 0.07478949998039752, 0.07613299996592104, 0.08190880005713552, 0.09533380006905645, 0.09601560002192855, 0.10825519997160882, 0.10056119994260371, 0.10643429995980114, 0.10266349988523871, 0.1033490999834612, 0.08198159991297871, 0.11335470003541559, 0.11825749999843538, 0.09296849998645484, 0.07446930010337383, 0.0781327000586316, 0.11611159995663911, 0.08712410007137805, 0.08760670002084225, 0.09360250004101545, 0.038307299953885376, 0.10509460000321269, 0.10895740007981658]",False,0,0.0
gmm_heuristic,Benchmark Point-to-Point,4,0.05,True,True,True,True,True,False,0.0,0.0,0.0,0.0,0.29509052156449933,0.48389236601066415,1.6459914284039525,0.04287682265918312,0.1693918000033591,0.15535945002920926,0.25667690502596086,0.2591412999900058,3.387836000067182,1.0,4.446374199935235,4.43283349997364,1.0,20,0,8,"[0.16636529995594174, 0.183900999953039, 0.2305711000226438, 0.2513718999689445, 0.15164900000672787, 0.15789200004655868, 0.09327620000112802, 0.151776900049299, 0.09604289999697357, 0.24873739993199706, 0.14366429997608066, 0.15282690001185983, 0.16503409994766116, 0.25654720002785325, 0.08279350004158914, 0.15032400004565716, 0.14853470004163682, 0.08356229995843023, 0.2138240000931546, 0.2591412999900058]",True,48,1.044997499906458
heuristic,Benchmark Point-to-Point,4,0.05,True,True,True,True,True,False,0.0,0.0,0.0,0.0,0.29509052156449933,0.48389236601066415,1.6459914284039525,0.04287682265918312,0.2755909950006753,0.27164720004657283,0.5010260099312291,0.6055109999142587,5.511819900013506,1.0,5.525170000037178,5.511819900013506,1.0,20,0,8,"[0.27678229997400194, 0.27937810006551445, 0.2839515000814572, 0.38290839991532266, 0.2178810000186786, 0.2693163000512868, 0.24939250003080815, 0.3283913000486791, 0.27397810004185885, 0.15116889995988458, 0.4182977000018582, 0.1290090000256896, 0.07394389994442463, 0.6055109999142587, 0.1938728999812156, 0.19749210006557405, 0.49552679993212223, 0.22331380005925894, 0.14007769990712404, 0.32162659999448806]",False,0,0.0
uniform,Benchmark Point-to-Point,4,0.05,False,False,False,False,False,False,0.14495310040444753,0.005766879458380787,0.1512279426312972,0.017906187132495407,2.7782463069913965,4.6562077900964445,10.788045483771098,0.038579150289024366,0.09086044500465505,0.09095325000816956,0.11033709998009726,0.11721749999560416,9.086044500465505,0.99,9.158587599988095,9.086044500465505,5.0,100,0,0,"[0.09600120002869517, 0.11065249994862825, 0.09775479999370873, 0.07594070001505315, 0.10069039999507368, 0.0825501000508666, 0.10089820006396621, 0.07337560004089028, 0.06058420008048415, 0.09326959995087236, 0.0908460000064224, 0.08276000001933426, 0.09301419998519123, 0.09844470000825822, 0.10959140001796186, 0.10115010000299662, 0.10282740008551627, 0.04531469999346882, 0.11032049998175353, 0.09016880008857697, 0.09825999999884516, 0.0793391999322921, 0.07270060002338141, 0.06766090006567538, 0.07884029997512698, 0.09580340003594756, 0.09106050000991672, 0.0720867000054568, 0.07568609993904829, 0.08134949998930097, 0.0806324000004679, 0.07298269995953888, 0.07743229996412992, 0.09495830000378191, 0.09448029997292906, 0.08833019994199276, 0.08810229995287955, 0.10474760003853589, 0.09522659995127469, 0.0897477000253275, 0.0718143000267446, 0.0888929000357166, 0.09001939999870956, 0.08766950003337115, 0.09322709997650236, 0.07621249998919666, 0.07692929997574538, 0.07606709992978722, 0.076326800044626, 0.0988020000513643, 0.08210550004150718, 0.09126910008490086, 0.08741120004560798, 0.0958715999731794, 0.09047419996932149, 0.09207090002018958, 0.08845409995410591, 0.07397010002750903, 0.10600649996194988, 0.10939230001531541, 0.10626070003490895, 0.09758159995544702, 0.09431309998035431, 0.1002779999980703, 0.11401570006273687, 0.10991350002586842, 0.09145290008746088, 0.10373890004120767, 0.08919309999328107, 0.11721749999560416, 0.10459710005670786, 0.07892779994290322, 0.10347749991342425, 0.09543680003844202, 0.08503560000099242, 0.07934160006698221, 0.08181400003377348, 0.09058509999886155, 0.0931779999518767, 0.08039120002649724, 0.10904350003693253, 0.10881109989713877, 0.09058690001256764, 0.09519230003934354, 0.10589760006405413, 0.09657409996725619, 0.08189529995433986, 0.07954860001336783, 0.08904410002287477, 0.08883389993570745, 0.09939640003722161, 0.11372390005271882, 0.08404470002278686, 0.08268529991619289, 0.078051200020127, 0.10120630008168519, 0.08553739998023957, 0.11190739995799959, 0.10432849999051541, 0.09441719995811582]",False,0,0.0
gmm_heuristic,Benchmark Obstacle Detour,4,0.05,False,False,False,False,False,False,0.40987322173423946,0.0,0.06523334928000468,0.19461525464164636,2.435943342552261,10.987999566735514,25.553029432265177,0.0013606236532441168,0.28840888600214387,0.26232655002968386,0.531075164937647,0.7030556000536308,28.840888600214384,1.0,30.674334399984218,30.44073990022298,5.0,100,15,13,"[0.30379279993940145, 0.3054583999328315, 0.47053930000402033, 0.5269822999835014, 0.21439570002257824, 0.17562880006153136, 0.10029590001795441, 0.3317890999605879, 0.10693959996569902, 0.23314409994054586, 0.1955080000916496, 0.36679530004039407, 0.39908589993137866, 0.22369419992901385, 0.09632899996358901, 0.12655879999510944, 0.24083340005017817, 0.31036959995981306, 0.35242410004138947, 0.21466789999976754, 0.22649670008104295, 0.07983320008497685, 0.2350433999672532, 0.39591760002076626, 0.33048370003234595, 0.36457939993124455, 0.37693509995006025, 0.10109839995857328, 0.5075559000251815, 0.3542504000943154, 0.12260889995377511, 0.12244940001983196, 0.28472810005769134, 0.26055150001775473, 0.31659509998280555, 0.4019401000114158, 0.3451353000709787, 0.5728985000168905, 0.24103240005206317, 0.10935339995194227, 0.09892630006652325, 0.362103599938564, 0.3517530000535771, 0.20543670002371073, 0.4912890999112278, 0.5117453000275418, 0.09165880002547055, 0.24405350000597537, 0.10087960003875196, 0.2650597000028938, 0.35093529999721795, 0.5037119999760762, 0.38181739998981357, 0.08806300000287592, 0.36569210002198815, 0.273629599949345, 0.10919119999743998, 0.264101600041613, 0.2508021000539884, 0.5685728999087587, 0.35118630004581064, 0.3531897999346256, 0.5291015999391675, 0.6510306999552995, 0.10162329999729991, 0.41320050007198006, 0.24159470002632588, 0.36008110002148896, 0.18456830002833158, 0.2082014000043273, 0.7030556000536308, 0.35841039998922497, 0.37750099995173514, 0.10726099996827543, 0.23628349998034537, 0.19223479996435344, 0.24549230001866817, 0.22082599997520447, 0.25014080002438277, 0.3743591000093147, 0.25698810000903904, 0.21083499991800636, 0.36021259997505695, 0.3466840999899432, 0.65522770001553, 0.09088200004771352, 0.25658459996338934, 0.24385830003302544, 0.18986120005138218, 0.2317188000306487, 0.19848220003768802, 0.353266500052996, 0.10195919999387115, 0.43111460004001856, 0.37399120000191033, 0.3187733000377193, 0.08973080001305789, 0.10498009994626045, 0.2587085999548435, 0.38354599999729544]",True,15,1.599851300008595
heuristic,Benchmark Obstacle Detour,4,0.05,False,False,False,False,False,False,0.4251441309118054,0.0010657012668788407,0.08805959086575865,0.18653697935435443,2.8835285814682683,10.49948269046546,25.295343598194734,0.0005738624187463792,0.4700062540068757,0.4752620999934152,0.7406370799406431,1.012234800029546,47.00062540068757,1.0,47.28954939998221,47.00062540068757,5.0,100,0,0,"[0.593182299984619, 0.5271089000161737, 0.5897223999490961, 0.5684431000845507, 0.46588230004999787, 0.33670189999975264, 0.5440062000416219, 0.3609894000692293, 0.5034696999937296, 0.24772059998940676, 0.756651800009422, 0.4059363000560552, 0.5095404000021517, 0.5074106999672949, 0.20844529999885708, 0.6660660000052303, 0.17689880006946623, 0.5056946999393404, 0.2850819000741467, 0.33262380002997816, 0.38266540004406124, 0.29221500002313405, 0.29826229996979237, 0.43112089997157454, 0.7356280999956653, 0.5314908999716863, 0.5337265999987721, 0.5028293000068516, 0.48484180006198585, 0.5873811000492424, 0.4462265999754891, 0.5213163000298664, 0.402296100044623, 0.19889850006438792, 0.6303480999777094, 0.41889930004253983, 0.38679969997610897, 0.6482309999410063, 0.6182495000539348, 0.3135115000186488, 0.6657659999327734, 0.4241734000388533, 0.21248760004527867, 0.41673549998085946, 0.8372206999920309, 0.3430700999451801, 0.4086327999830246, 0.7349604000337422, 0.2733894999837503, 0.5690910000121221, 0.45965720003005117, 0.7710873999167234, 0.4847441000165418, 0.5686031000223011, 0.4472472000634298, 0.6607035999186337, 0.5058278000215068, 0.3549527999712154, 0.5868183000711724, 0.5369489999720827, 0.5165302000241354, 0.35834120004437864, 0.5001729000359774, 0.231507399934344, 0.32726669998373836, 0.4094887999817729, 0.34309699991717935, 0.20940590009558946, 0.3203741000033915, 0.4787977000232786, 0.6833628999302164, 0.5098750999895856, 0.3246674999827519, 0.3116636999184266, 0.5124071000609547, 0.7290683001047, 0.44695340003818274, 0.28439190005883574, 0.38598329992964864, 0.5427258999552578, 0.47172649996355176, 0.5769022000022233, 0.2620560999494046, 0.738797300029546, 0.2143445999827236, 0.7765979000832886, 0.43237100006081164, 0.4841483000200242, 0.22063949995208532, 0.23227709997445345, 0.4868177000898868, 0.7397941999370232, 1.012234800029546, 0.3385394000215456, 0.45784090005327016, 0.501692199963145, 0.6164988999953493, 0.5932163000106812, 0.33495310007128865, 0.3644643999869004]",False,0,0.0
uniform,Benchmark Obstacle Detour,4,0.05,False,False,False,False,False,False,0.09011777089671234,0.006817124404087986,0.17227482221758897,0.036256910519984684,2.847846401665968,4.570668052159987,8.43723460743638,0.0011425245640170612,0.11790326099609956,0.11540760000934824,0.1603983349225018,0.22634039993863553,11.790326099609956,1.0,11.893872799933888,11.790326099609956,5.0,100,1,0,"[0.10442490002606064, 0.08824499999172986, 0.08712779998313636, 0.091567000024952, 0.10143519996199757, 0.10431640001479536, 0.12699449993669987, 0.1313078000675887, 0.1212017999496311, 0.13153090002015233, 0.11990950000472367, 0.10540650004986674, 0.11484890000429004, 0.1350026000291109, 0.1439886000007391, 0.12926509999670088, 0.10334510006941855, 0.12873320002108812, 0.13740940007846802, 0.17247989994939417, 0.12061410001479089, 0.22634039993863553, 0.15035729994997382, 0.15894900006242096, 0.14024049998261034, 0.11996659997384995, 0.12546340003609657, 0.10120499995537102, 0.13512879994232208, 0.1061366000212729, 0.1207562000490725, 0.11618540005292743, 0.14141749998088926, 0.11729439999908209, 0.1699959000106901, 0.10391969990450889, 0.1736130000790581, 0.2064861999824643, 0.15989319991786033, 0.1307200000155717, 0.1267369999550283, 0.15093999996315688, 0.14612089993897825, 0.13649419997818768, 0.1165225999429822, 0.12893759994767606, 0.12123469996731728, 0.10822169994935393, 0.08698170003481209, 0.10919019998982549, 0.10851310007274151, 0.07776440004818141, 0.12890989996958524, 0.11596630001440644, 0.08226649998687208, 0.09975809999741614, 0.0991563000716269, 0.10438940010499209, 0.10230839997529984, 0.11623079993296415, 0.1093127999920398, 0.11965989996679127, 0.11080879997462034, 0.08732220006641, 0.10646100004669279, 0.11136299988720566, 0.09682600002270192, 0.11304059997200966, 0.0894822000991553, 0.10718159994576126, 0.11770369997248054, 0.10002039989922196, 0.11023939994629472, 0.1242375000147149, 0.10641030000988394, 0.09779879997950047, 0.07712900009937584, 0.08441859995946288, 0.10161450004670769, 0.07984799996484071, 0.11044439999386668, 0.11280359991360456, 0.1081842000130564, 0.0954071000451222, 0.14127799996640533, 0.11741519998759031, 0.10130310000386089, 0.12083949998486787, 0.1083323999773711, 0.132893200032413, 0.09564420010428876, 0.10667360003571957, 0.08005569991655648, 0.09116929990705103, 0.10277080000378191, 0.1247084999922663, 0.1363808000460267, 0.11959459993522614, 0.14184450008906424, 0.12183799990452826]",False,0,0.0
gmm_heuristic,Benchmark Multi-Axis Motion,4,0.05,True,True,True,True,True,False,0.0,0.0,0.0,0.0,0.5166553347490432,3.74963151074066,6.701781426418726,0.02680004681646915,0.17405311070199656,0.1623618999728933,0.2711049049161374,0.2993988998932764,4.873487099655904,1.0,5.869148900033906,5.850670899730176,1.4000000000000001,28,0,7,"[0.15837509999983013, 0.18477910000365227, 0.2233175999717787, 0.24638539995066822, 0.12262769998051226, 0.12582319998182356, 0.08337499992921948, 0.11782839999068528, 0.0871988000581041, 0.2264151000417769, 0.2049243999645114, 0.11631349998060614, 0.11730659997556359, 0.14065219997428358, 0.19783199997618794, 0.22852060000877827, 0.14983370003756136, 0.28122049989178777, 0.18534780002664775, 0.09215190005488694, 0.16634869994595647, 0.13880179997067899, 0.15195710002444685, 0.2993988998932764, 0.2498574999626726, 0.2523187999613583, 0.19884170009754598, 0.12573400000110269]",True,48,0.9771838000742719
heuristic,Benchmark Multi-Axis Motion,4,0.05,True,True,True,True,True,False,0.0,0.0,0.0,0.0,0.5166380554375446,3.7496295782667923,6.701798887860491,0.02680004681646915,0.23539011428199177,0.2415061999927275,0.3428550799959339,0.36128549999557436,6.590923199895769,1.0,6.610835000057705,6.590923199895769,1.4000000000000001,28,0,8,"[0.35360819997731596, 0.29716680001001805, 0.30487929994706064, 0.36128549999557436, 0.23499249992892146, 0.2524415999650955, 0.14463900006376207, 0.2919075000099838, 0.11547229997813702, 0.2210653000511229, 0.08608470007311553, 0.2528451000107452, 0.1429431999567896, 0.3142307000234723, 0.2965304999379441, 0.28789759997744113, 0.07488269999157637, 0.31061389995738864, 0.24336600000970066, 0.13133989996276796, 0.23598380002658814, 0.1806276999413967, 0.14434740005526692, 0.3228850000305101, 0.22521320008672774, 0.30511119996663183, 0.23964639997575432, 0.21891619998496026]",False,0,0.0
uniform,Benchmark Multi-Axis Motion,4,0.05,False,False,True,False,False,False,0.14876511314326293,0.005795368352594296,0.1508414456957876,0.03850636929104891,2.7625432088862683,4.639540285171764,13.987265265786716,0.02680004681646915,0.08605610800441355,0.0849033499835059,0.09970074002048931,0.15629630000330508,8.605610800441355,0.99,8.680451399995945,8.605610800441355,5.0,100,0,0,"[0.09842619998380542, 0.07912869995925575, 0.09729220008011907, 0.07688030006829649, 0.08530009991955012, 0.08019470004364848, 0.07185369997750968, 0.07813090004492551, 0.07716920005623251, 0.07879800000227988, 0.13460940006189048, 0.08897399995476007, 0.08084389998111874, 0.07937629998195916, 0.10979280003812164, 0.08176880003884435, 0.07762729993555695, 0.07929590006824583, 0.08882389997597784, 0.09165229997597635, 0.07598339999094605, 0.08692479995079339, 0.08448690001387149, 0.09176830004435033, 0.09085120004601777, 0.10058119997847825, 0.09722060000058264, 0.09702769992873073, 0.09670639992691576, 0.07987529993988574, 0.07805190002545714, 0.07868829998187721, 0.08171130006667227, 0.08167840004898608, 0.08438889996614307, 0.07161750004161149, 0.10108739999122918, 0.09965440002270043, 0.09307539998553693, 0.09174000006169081, 0.07569960004184395, 0.09760179999284446, 0.08614309993572533, 0.09017260000109673, 0.09020249999593943, 0.07976470002904534, 0.06970560003537685, 0.07488679990638047, 0.0926409000530839, 0.09069510002154857, 0.09215540008153766, 0.08934619999490678, 0.0844665999757126, 0.08504449995234609, 0.07876320008654147, 0.09098599990829825, 0.0822199999820441, 0.09172420005779713, 0.08228880004025996, 0.07603650004602969, 0.09002210001926869, 0.07800169999245554, 0.08476220001466572, 0.08396039996296167, 0.08256730006542057, 0.09784780000336468, 0.08894070005044341, 0.0868682999862358, 0.07768599991686642, 0.07967470004223287, 0.08110720000695437, 0.09896480001043528, 0.07876579998992383, 0.09270249994006008, 0.08333279995713383, 0.044232500018551946, 0.07271660002879798, 0.08508690004236996, 0.08537179999984801, 0.07297340000513941, 0.08935240004211664, 0.08249770000111312, 0.07073430006857961, 0.08834579994436353, 0.09099749999586493, 0.08188899990636855, 0.08804269996471703, 0.08267270005308092, 0.06865930010098964, 0.08866080001462251, 0.09120480006095022, 0.08535169996321201, 0.07560219999868423, 0.0936955000506714, 0.07799489994067699, 0.15629630000330508, 0.09204929997213185, 0.08846580004319549, 0.08873869990929961, 0.07917190005537122]",False,0,0.0
gmm_heuristic,Benchmark Point-to-Point,5,0.05,True,True,True,True,True,False,0.0,0.0,0.0,0.0,0.29509052156449933,0.4837467933770059,1.6459914284039525,0.04287682265918312,0.17684713999042287,0.18712755001615733,0.24677928491146303,0.25320859998464584,3.5369427998084575,1.0,4.445361500023864,4.429802399827167,1.0,20,0,8,"[0.21120130002964288, 0.12828750000335276, 0.1275736999232322, 0.1456700999988243, 0.25320859998464584, 0.08369380002841353, 0.2464408999076113, 0.18510320002678782, 0.17322390002664179, 0.15165629994589835, 0.07974740001372993, 0.2114409999921918, 0.24274819996207952, 0.1918354999506846, 0.1294606999726966, 0.15669099998194724, 0.20823020010720938, 0.19075760000851005, 0.18915190000552684, 0.23081999993883073]",True,48,0.8928596000187099
heuristic,Benchmark Point-to-Point,5,0.05,True,True,True,True,True,False,0.0,0.0,0.0,0.0,0.29509052156449933,0.48389236601066415,1.6459914284039525,0.04287682265918312,0.23826688000699506,0.2292306500603445,0.39545889996225014,0.4252433000365272,4.765337600139901,1.0,4.780340499943122,4.765337600139901,1.0,20,0,8,"[0.19239330000709742, 0.15298979997169226, 0.2227151000406593, 0.4252433000365272, 0.3081358999479562, 0.1295103000011295, 0.23574620008002967, 0.3008401000406593, 0.14330610004253685, 0.3143459999701008, 0.19008600001689047, 0.16662819997873157, 0.23791499994695187, 0.29886310000438243, 0.1980195000069216, 0.3938912999583408, 0.24333289999049157, 0.17539770004805177, 0.1906314000952989, 0.2453463999554515]",False,0,0.0
uniform,Benchmark Point-to-Point,5,0.05,False,False,True,False,False,False,0.23777548047251792,0.007810824574604719,0.20236102454886432,0.09113652873843082,2.8513726411968943,3.283417160117052,9.179846357391783,0.03832305631429331,0.09068062100093811,0.09045795002020895,0.10823792007868177,0.12825379997957498,9.068062100093812,0.99,9.14184249995742,9.068062100093812,5.0,100,0,0,"[0.07993350003380328, 0.08385330007877201, 0.08829260000493377, 0.10239039990119636, 0.09778049995657057, 0.08838850003667176, 0.0853845999808982, 0.08071610005572438, 0.08959069999400526, 0.08391760010272264, 0.08583999995607883, 0.10444539994932711, 0.07254209998063743, 0.07622699998319149, 0.08640569995623082, 0.10217690002173185, 0.113159199943766, 0.04861429997254163, 0.08520730002783239, 0.09071180003229529, 0.1002963000210002, 0.09020410000812262, 0.0964903999119997, 0.08903749997261912, 0.09105759998783469, 0.08152000000700355, 0.08824569999706, 0.097646199981682, 0.10598599992226809, 0.09204790007788688, 0.08859549998305738, 0.09077349992003292, 0.0889856000430882, 0.08737470000050962, 0.07834410003852099, 0.08269529999233782, 0.08124470000620931, 0.09510150004643947, 0.1013958000112325, 0.09495500009506941, 0.09188279998488724, 0.08444490004330873, 0.09312069998122752, 0.09534560004249215, 0.09577860007993877, 0.09636369999498129, 0.08592950005549937, 0.09627450001426041, 0.09609099989756942, 0.09665340010542423, 0.08481519995257258, 0.0810052000451833, 0.0921113999793306, 0.08300290000624955, 0.0816601999104023, 0.08500179997645319, 0.10190620005596429, 0.11112630006391555, 0.10731800005305558, 0.11527439998462796, 0.0949605000205338, 0.1048521000193432, 0.12825379997957498, 0.08742260001599789, 0.08471199998166412, 0.09267969999928027, 0.09754610003437847, 0.09503969992510974, 0.08964750007726252, 0.09145629999693483, 0.07881740003358573, 0.07351869996637106, 0.09123849996831268, 0.10808590007945895, 0.08654619997832924, 0.08135770005173981, 0.0848517999984324, 0.10134890000335872, 0.091647700057365, 0.08851419994607568, 0.09129040001425892, 0.0898078999016434, 0.0988680999726057, 0.09269610000774264, 0.09131979988887906, 0.09564459999091923, 0.08730809995904565, 0.08211399998981506, 0.09418120002374053, 0.07619559997692704, 0.07805869996082038, 0.11275620001833886, 0.09246349998284131, 0.09374729997944087, 0.071142099914141, 0.0872258999152109, 0.09013860009144992, 0.09091150003951043, 0.0812548000831157, 0.07575920003000647]",False,0,0.0
gmm_heuristic,Benchmark Obstacle Detour,5,0.05,False,False,False,False,False,False,0.44708885794390874,0.0040000000000000036,0.12350388952722284,0.209973577501388,2.7054329266646873,10.645560330691866,26.190010217641415,0.0007416695335710766,0.2777707009972073,0.23684535000938922,0.474950600095326,0.6083237000275403,27.77707009972073,1.0,29.570793400052935,29.312525899731554,5.0,100,13,8,"[0.34319980000145733, 0.2034837999381125, 0.44997209997382015, 0.21481119992677122, 0.12767830002121627, 0.0891132999677211, 0.1639649000717327, 0.22069450002163649, 0.22605729999486357, 0.46475980000104755, 0.30303459998685867, 0.22430880006868392, 0.18033560004550964, 0.2981509999372065, 0.11304389999713749, 0.2262093999888748, 0.10876880004070699, 0.34952419996261597, 0.22637130005750805, 0.3580206000478938, 0.2603677000151947, 0.1935061999829486, 0.20733050000853837, 0.37024139997083694, 0.20426909998059273, 0.08898669993504882, 0.4364549999590963, 0.4175407999427989, 0.20404690003488213, 0.37974090001080185, 0.20698290003929287, 0.42312240006867796, 0.44951289996970445, 0.44452289992477745, 0.2108878999715671, 0.08850329997949302, 0.23958279995713383, 0.3618544000200927, 0.18916800001170486, 0.19759300001896918, 0.3260415999684483, 0.2964917999925092, 0.20917849999386817, 0.4942121999338269, 0.2836490999907255, 0.21557070000562817, 0.3289106999291107, 0.5806751999771222, 0.4628891000756994, 0.20169629994779825, 0.0914025999372825, 0.34600200003478676, 0.35436860006302595, 0.22878619993571192, 0.234546999912709, 0.2281943999696523, 0.22197449998930097, 0.32980940002016723, 0.36754050001036376, 0.23834219994023442, 0.21715659997425973, 0.48590600001625717, 0.44111840007826686, 0.0965907999780029, 0.21653749991673976, 0.21013870008755475, 0.08435149991419166, 0.1935939999530092, 0.20248519990127534, 0.6083237000275403, 0.21189689997117966, 0.3543921000091359, 0.3778019000310451, 0.3517184000229463, 0.10227829997893423, 0.4743740000994876, 0.37786420003976673, 0.3612823999719694, 0.2793985001044348, 0.21672909997869283, 0.213874000008218, 0.5979186999611557, 0.23534850007854402, 0.2231358999852091, 0.36102589999791235, 0.42825210001319647, 0.07193189999088645, 0.2818260999629274, 0.30835189996287227, 0.20125049992930144, 0.26158150006085634, 0.34617270005401224, 0.4579972999636084, 0.33415690006222576, 0.24684360006358474, 0.2463006000034511, 0.10807029996067286, 0.20182230009231716, 0.09319719998165965, 0.18807250005193055]",True,13,1.5354558000108227
heuristic,Benchmark Obstacle Detour,5,0.05,True,True,True,True,True,False,0.0,0.0,0.0,0.0,1.5818452417767785,6.775889813781852,9.509089009672676,0.0007470790123033089,0.469641052243828,0.4441571000497788,0.820897339947987,1.1250582999782637,31.465950500336476,1.0,31.648954699980095,31.465950500336476,3.35,67,2,9,"[0.3376008999766782, 0.5670375999761745, 0.06327779998537153, 0.6976389999035746, 0.537418800056912, 0.557482400094159, 0.3240965000586584, 0.44927789992652833, 0.3430714000714943, 0.48895589995663613, 0.3559209000086412, 0.28355689998716116, 0.4437729000346735, 0.21058920002542436, 0.5082866000011563, 0.35279990010894835, 0.5694235999835655, 0.43323720002081245, 0.7247757000150159, 0.4441571000497788, 0.6876177000813186, 0.4689428999554366, 0.6444238000549376, 0.33037639991380274, 0.45751970005221665, 0.11560150003060699, 0.19748690002597868, 0.35783489991445094, 0.22189820010680705, 0.4378405000315979, 0.7634117999114096, 0.3801633999682963, 0.228027299977839, 0.0933767999522388, 0.538794600055553, 0.3513154999818653, 0.4641265000682324, 0.3071928999852389, 0.8465572000714019, 0.5946101999143139, 0.38465609995182604, 0.6222253000596538, 0.42012510006316006, 0.5882474000100046, 0.6346759999869391, 0.7301280000247061, 0.5284623999614269, 1.1250582999782637, 0.3145160001004115, 0.8455339999636635, 0.5386224000249058, 0.3001765999943018, 0.41178349999245256, 0.3527319999411702, 0.20672510005533695, 0.5093247999902815, 0.4278690000064671, 0.966743899974972, 0.6950061999959871, 0.576767300022766, 0.34431319998111576, 0.5102696999674663, 0.41608090000227094, 0.6164412000216544, 0.599149499903433, 0.3360838000662625, 0.28473590000066906]",False,0,0.0
uniform,Benchmark Obstacle Detour,5,0.05,False,False,False,False,False,False,0.34979113526126454,0.0057544143038614215,0.17981359606818084,0.10624034244498352,2.7577173572051414,12.181255361463636,28.075128505537144,0.0019955353603220705,0.13325583099387586,0.11740260000806302,0.22597687999950722,0.2677232000278309,13.325583099387586,0.98,13.454946600017138,13.325583099387586,5.0,100,0,0,"[0.08042449993081391, 0.08657640009187162, 0.09446579997893423, 0.10282839997671545, 0.08305840007960796, 0.04595359996892512, 0.037953499937430024, 0.11099319998174906, 0.08448009996209294, 0.09706330008339137, 0.08938380004838109, 0.08708749990910292, 0.10644300002604723, 0.10872789996210486, 0.10724949999712408, 0.11699889996089041, 0.11986670002806932, 0.1165181000251323, 0.2078971000155434, 0.21136890002526343, 0.18020439997781068, 0.19791039999108762, 0.1641403998946771, 0.10324800002854317, 0.09455399995204061, 0.10169560008216649, 0.10610969993285835, 0.09670959995128214, 0.07067309995181859, 0.08004060003440827, 0.09140149992890656, 0.10164520004764199, 0.10451360000297427, 0.10525699995923787, 0.15391879994422197, 0.12799579999409616, 0.19882970000617206, 0.17041279992554337, 0.12459479994140565, 0.13990780001040548, 0.15829930000472814, 0.22967580007389188, 0.15927020006347448, 0.11676909995730966, 0.14558970008511096, 0.163758400012739, 0.13635009992867708, 0.18414210004266351, 0.15953619999345392, 0.1495585999218747, 0.14417810004670173, 0.10823080001864582, 0.09993999998550862, 0.111830799956806, 0.12185630004387349, 0.11757030000444502, 0.11087929992936552, 0.09685079997871071, 0.10178229992743582, 0.07945870002731681, 0.10248300002422184, 0.09930060000624508, 0.07907719991635531, 0.11668819992337376, 0.10271510004531592, 0.11911970004439354, 0.0932907999958843, 0.10318900004494935, 0.07700559997465461, 0.0886979999486357, 0.07377410004846752, 0.13861589995212853, 0.2100300999591127, 0.1351023999741301, 0.10005889995954931, 0.18621209997218102, 0.15376010001637042, 0.11637519998475909, 0.12919890007469803, 0.1439385999692604, 0.1065069999312982, 0.1829753000056371, 0.11723490001168102, 0.2379689000081271, 0.25160439999308437, 0.21418839995749295, 0.20058209996204823, 0.2677232000278309, 0.2524250999558717, 0.1677076000487432, 0.16283970000222325, 0.16068480000831187, 0.18449850007891655, 0.1385084999492392, 0.1324175000190735, 0.1629821000387892, 0.16035160003229976, 0.1648471999214962, 0.16049230005592108, 0.22578219999559224]",False,0,0.0
gmm_heuristic,Benchmark Multi-Axis Motion,5,0.05,True,True,True,True,True,False,0.0,0.0,0.0,0.0,0.5166380554375446,3.749503141962976,6.701798887860491,0.02680004681646915,0.1635131357137912,0.17672819999279454,0.2419765600177925,0.2529179999837652,4.578367799986154,1.0,5.545253199990839,5.525918500032276,1.4000000000000001,28,0,8,"[0.2193902999861166, 0.1193908000132069, 0.127917000092566, 0.11561509990133345, 0.20939939992967993, 0.08057250001002103, 0.2529179999837652, 0.17362330004107207, 0.18538969999644905, 0.1628005999373272, 0.07985550002194941, 0.1905942999292165, 0.24613189999945462, 0.2003885000012815, 0.13991689996328205, 0.14636330003850162, 0.1890983999473974, 0.17983309994451702, 0.19389780005440116, 0.2342595000518486, 0.19924819993320853, 0.09034829994197935, 0.08992020005825907, 0.18334670003969222, 0.08922299998812377, 0.19474010006524622, 0.13180250010918826, 0.1523829000070691]",True,48,0.9475507000461221
heuristic,Benchmark Multi-Axis Motion,5,0.05,True,True,True,True,True,False,0.0,0.0,0.0,0.0,0.5166380554375446,3.7496295782667923,6.701798887860491,0.02680004681646915,0.2238480392885062,0.2102776999818161,0.35831533995806236,0.3804052999475971,6.267745100078173,1.0,6.288182199932635,6.267745100078173,1.4000000000000001,28,0,8,"[0.2087780999718234, 0.13411629991605878, 0.17952860007062554, 0.1841607999522239, 0.1516782999970019, 0.19757519999984652, 0.23329960007686168, 0.1938277999870479, 0.2315154999960214, 0.36278609989676625, 0.15769899997394532, 0.2289897999726236, 0.23620809998828918, 0.21963970002252609, 0.18123089999426156, 0.33097460004501045, 0.1868314000312239, 0.3500125000718981, 0.27425030001904815, 0.1988751000026241, 0.13231480005197227, 0.33026109996717423, 0.2138291000155732, 0.3804052999475971, 0.24832810007501394, 0.19817530002910644, 0.21177729999180883, 0.11067640001419932]",False,0,0.0
uniform,Benchmark Multi-Axis Motion,5,0.05,False,False,True,False,False,False,0.226953503614815,0.0031705504768217846,0.09367747564045942,0.09697925986307167,2.650956753597745,4.768402372932494,16.26103357946511,0.02680004681646915,0.08536472500069067,0.08528759999899194,0.10210289498791097,0.1174405999481678,8.536472500069067,1.0,8.607062099967152,8.536472500069067,5.0,100,0,0,"[0.0632756999693811, 0.08293929998762906, 0.06785700004547834, 0.06623579992447048, 0.07683290005661547, 0.09050009993370622, 0.08615370001643896, 0.10120010003447533, 0.0910531000699848, 0.0750345999840647, 0.05254799989052117, 0.07495839998591691, 0.07430549990385771, 0.09041239996440709, 0.07979869993869215, 0.08473280002363026, 0.08137650007847697, 0.08601640001870692, 0.08378049999009818, 0.09122609999030828, 0.08536779996939003, 0.07005360000766814, 0.07094250002410263, 0.0730990000301972, 0.08208610001020133, 0.07975659996736795, 0.09744550008326769, 0.09356059995479882, 0.09242670005187392, 0.08125070005189627, 0.0899154000217095, 0.07979420002084225, 0.10201919998507947, 0.07615189999341965, 0.07850459998007864, 0.09007080004084855, 0.08561009995173663, 0.08599029993638396, 0.09625840000808239, 0.07902049995027483, 0.08643759996630251, 0.08430760004557669, 0.09056280006188899, 0.09858520003035665, 0.085644599981606, 0.0738625000230968, 0.08974590001162142, 0.08961089991498739, 0.08327589998953044, 0.09395180002320558, 0.0897218999452889, 0.07994570001028478, 0.09715769998729229, 0.1174405999481678, 0.09789430000819266, 0.09292660001665354, 0.08678990008775145, 0.07400709995999932, 0.08162409998476505, 0.08945359999779612, 0.0843688000459224, 0.11271160002797842, 0.10189950000494719, 0.07906419993378222, 0.09530309995170683, 0.09794880007393658, 0.08046980004291981, 0.08403919998090714, 0.08512819989118725, 0.08922119997441769, 0.07345000002533197, 0.0710446999873966, 0.09083770005963743, 0.08978080004453659, 0.0884751999983564, 0.08255699998699129, 0.0920754000544548, 0.10369310004170984, 0.0779507999541238, 0.0756293999729678, 0.07546339998953044, 0.08505320001859218, 0.1089853000594303, 0.07080679992213845, 0.08060489990748465, 0.09193690004758537, 0.0937184999929741, 0.07906919997185469, 0.07458690006751567, 0.11474760004784912, 0.09001159993931651, 0.07026219996623695, 0.06098350009415299, 0.07809269998688251, 0.08596270007546991, 0.08520740002859384, 0.08314340002834797, 0.09665740001946688, 0.09447420004289597, 0.08854779996909201]",False,0,0.0
gmm_heuristic,Benchmark Point-to-Point,6,0.05,True,True,True,True,True,False,0.0,0.0,0.0,0.0,0.29466865518864976,0.4837099420644191,1.6460811002842037,0.04287682265918312,0.14924069998669437,0.1371866000117734,0.23755067499005242,0.32376459997612983,2.9848139997338876,1.0,3.9006613000528887,3.8863008996704593,1.0,20,0,8,"[0.07542230002582073, 0.15152349998243153, 0.07971770002041012, 0.06461599993053824, 0.12420630000997335, 0.15415640000719577, 0.23301309999078512, 0.1292509000049904, 0.14512230001855642, 0.08468129998072982, 0.09364630002528429, 0.12914239999372512, 0.1979278998915106, 0.20521249994635582, 0.07713680004235357, 0.32376459997612983, 0.20538709999527782, 0.19097609992604703, 0.23069159989245236, 0.08921890007331967]",True,48,0.9014868999365717
heuristic,Benchmark Point-to-Point,6,0.05,True,True,True,True,True,False,0.0,0.0,0.0,0.0,0.29509052156449933,0.48389236601066415,1.6459914284039525,0.04287682265918312,0.2668083199940156,0.2493970999494195,0.39978542493772706,0.5536554999416694,5.336166399880312,1.0,5.349841599934734,5.336166399880312,1.0,20,0,8,"[0.18737860000692308, 0.18454530008602887, 0.24704789998941123, 0.3153914000140503, 0.1954448000760749, 0.3835475000087172, 0.17592299997340888, 0.301853199955076, 0.5536554999416694, 0.25174629990942776, 0.39168699993751943, 0.3256175999995321, 0.21820430003572255, 0.13674440002068877, 0.16277289995923638, 0.2998414000030607, 0.3307957999641076, 0.19658350001554936, 0.1785371999721974, 0.2988488000119105]",False,0,0.0
uniform,Benchmark Point-to-Point,6,0.05,False,False,True,False,False,False,0.07675276380566207,0.003744655261244831,0.09665930741989016,0.009292574594577887,2.8042025721633115,3.9392164498836575,8.691874163614925,0.03127867211244774,0.08846858999924734,0.08901400002650917,0.10220867994939908,0.1201024999609217,8.846858999924734,0.99,8.919050200027414,8.846858999924734,5.0,100,0,0,"[0.08435230003669858, 0.08908059995155782, 0.09058469999581575, 0.07733070000540465, 0.0910242999671027, 0.0998690000269562, 0.09558650001417845, 0.07834999996703118, 0.08873329998459667, 0.09221219993196428, 0.07650029996875674, 0.08543919993098825, 0.08520109998062253, 0.08289389999117702, 0.09972790000028908, 0.0890707999933511, 0.07600269990507513, 0.09925179998390377, 0.1201024999609217, 0.05355519999284297, 0.08724720007739961, 0.09116020007058978, 0.08536070003174245, 0.09838740003760904, 0.08781970001291484, 0.10492210008669645, 0.08794230001512915, 0.08320990006905049, 0.08462590002454817, 0.09888229996431619, 0.09788439993280917, 0.09669630008284003, 0.08895720005966723, 0.09022799995727837, 0.0927533000940457, 0.08193879993632436, 0.10218239994719625, 0.07741649996023625, 0.09411750000435859, 0.09507559996563941, 0.07971110008656979, 0.07591989997308701, 0.09409530006814748, 0.09968250000383705, 0.08587920002173632, 0.09311270003672689, 0.0910254999762401, 0.09163040004204959, 0.07645229995250702, 0.09134479996282607, 0.08409630006644875, 0.08637710008770227, 0.0864395999815315, 0.08397159993182868, 0.08144239999819547, 0.08018730010371655, 0.08793069992680103, 0.09356619999743998, 0.08553220005705953, 0.10270799999125302, 0.09506259998306632, 0.08658030000515282, 0.08100300002843142, 0.09151920001022518, 0.08702720003202558, 0.08006329997442663, 0.08757960004732013, 0.09235619998071343, 0.09031630004756153, 0.08066159998998046, 0.0923524999525398, 0.08459320000838488, 0.08576459996402264, 0.10178570006974041, 0.08417169994208962, 0.07593009993433952, 0.07992729998659343, 0.08928349998313934, 0.11222100001759827, 0.07356879999861121, 0.08413209998980165, 0.08871569996699691, 0.06503329996485263, 0.041234000003896654, 0.09345250006299466, 0.09057319990824908, 0.08689689997117966, 0.08158350002486259, 0.0894490999635309, 0.09130999993067235, 0.0966661999700591, 0.0930804000236094, 0.09020969993434846, 0.09949509997386485, 0.09849630005192012, 0.10692259995266795, 0.0897172000259161, 0.09770929999649525, 0.09456300002057105, 0.08306940004695207]",False,0,0.0
gmm_heuristic,Benchmark Obstacle Detour,6,0.05,False,False,False,False,False,False,0.40955638387493715,0.0,0.06518292296853806,0.19446692386291367,2.5869120442747384,11.087824625606874,25.708999493867267,0.0006334440014394427,0.2815358459984418,0.2576458500116132,0.5137699800368863,0.6979063999606296,28.15358459984418,1.0,29.9945132000139,29.756856899824925,5.0,100,10,7,"[0.09017939993645996, 0.20939570001792163, 0.09745730005670339, 0.0939986000303179, 0.23897359997499734, 0.14042000006884336, 0.2640643999911845, 0.21853670000564307, 0.23508720006793737, 0.22507609997410327, 0.6003556000068784, 0.35483120009303093, 0.2593881000066176, 0.39881589997094125, 0.22630219999700785, 0.24478499998804182, 0.11164249991998076, 0.2370045999996364, 0.2518926999764517, 0.35527990001719445, 0.18865679996088147, 0.5336131999501958, 0.1805056999437511, 0.20621950004715472, 0.20364940003491938, 0.11013310006819665, 0.0952139999717474, 0.39724700001534075, 0.19457749999128282, 0.3607581000542268, 0.08036260004155338, 0.3433956999797374, 0.31951089994981885, 0.2627721999306232, 0.2806427999166772, 0.07531480002216995, 0.1110573000041768, 0.34698180004488677, 0.20659570000134408, 0.19235129992011935, 0.23745130002498627, 0.5127256000414491, 0.37043990008533, 0.20873790001496673, 0.3807152999797836, 0.39736840000841767, 0.3748967000283301, 0.36280479992274195, 0.19875830004457384, 0.2889297000365332, 0.11555009998846799, 0.11546920007094741, 0.23864839994348586, 0.2520475999917835, 0.2739794000517577, 0.6979063999606296, 0.10738499998115003, 0.366786599974148, 0.2511034000199288, 0.3763147999998182, 0.30287250003311783, 0.2651354999979958, 0.0866995999822393, 0.4072615000186488, 0.16856269992422312, 0.17833669995889068, 0.24982769996859133, 0.18808410002384335, 0.3192086999770254, 0.2539376000640914, 0.3026512999786064, 0.19843129999935627, 0.3207938999403268, 0.22449389996472746, 0.322808799915947, 0.19460689998231828, 0.09524290007539093, 0.28286719997413456, 0.2977346000261605, 0.5074200000381097, 0.21523119998164475, 0.35560350003652275, 0.3789355999324471, 0.4760592000093311, 0.4823696999810636, 0.4984144000336528, 0.2497054000850767, 0.2621353000868112, 0.3601724000182003, 0.36671580001711845, 0.48458749998826534, 0.6727679999312386, 0.11818959994707257, 0.25590360001660883, 0.37099779990967363, 0.5680554999271408, 0.38902040000539273, 0.11027860001195222, 0.3647285000188276, 0.33567029994446784]",True,15,1.6032722999807447
heuristic,Benchmark Obstacle Detour,6,0.05,True,True,True,True,True,False,0.0,0.0,0.0,0.0,2.522382341551102,8.52186301250776,15.461198308655083,0.0006979715757243626,0.4850121298984903,0.4670282000442967,0.8270222000079227,1.1901083999546245,47.04617660015356,1.0,47.26696500007529,47.04617660015356,4.8500000000000005,97,2,10,"[0.5165379999671131, 0.7991356999846175, 0.6918095999862999, 0.6472096999641508, 0.30210089997854084, 0.4595062000444159, 0.18234489997848868, 0.4313034999649972, 0.8436506000580266, 0.3582452000118792, 0.2912991000339389, 0.5262248000362888, 0.291252400027588, 0.2925582000752911, 0.5526537999976426, 0.6872356000822037, 0.41385540005285293, 0.5297405000310391, 0.18910279998090118, 0.6349186999723315, 0.2996920000296086, 0.10596329998224974, 0.4037230999674648, 0.5997700999723747, 0.5637033999664709, 0.5154036999447271, 0.45427500002551824, 0.625453699962236, 0.4057772000087425, 0.5060640999581665, 0.21142119995784014, 0.4033756999997422, 0.27757090004161, 0.10027099994476885, 0.32805310003459454, 0.5914122000103816, 0.3294274000218138, 0.21771060000173748, 0.353179799974896, 0.7236336000496522, 0.44206160004250705, 0.9377917000092566, 0.38989450002554804, 0.3018995999591425, 0.813262699986808, 0.4799911000300199, 0.45781829999759793, 0.3777968999929726, 0.309919000021182, 0.4817785000195727, 0.18978120002429932, 0.6186492999549955, 0.48294429993256927, 0.31808330002240837, 0.4670282000442967, 0.20473140000831336, 0.5830759999807924, 0.3217301000840962, 0.44313869997859, 0.3641241000732407, 0.6082491000415757, 0.33861410000827163, 0.5585118000162765, 0.18788940005470067, 0.613546899985522, 0.49916790006682277, 0.38359260000288486, 0.6454682999756187, 0.46135290001984686, 0.24570410000160336, 0.6707109999842942, 0.7265340000158176, 0.7085338999750093, 0.6248486000113189, 0.4855436000507325, 0.5250291000120342, 0.5832723999628797, 0.4356595000717789, 0.5425108999479562, 0.418363899923861, 0.28208459995221347, 0.8454567999579012, 1.1901083999546245, 0.9594820999773219, 0.822865099995397, 0.40312470006756485, 0.7467033000430092, 0.38219969999045134, 0.47967010003048927, 0.30123370001092553, 0.7972415999975055, 0.6060713999904692, 0.5049633999587968, 0.2541648999322206, 0.4845375999575481, 0.7315155999967828, 0.3495823999401182]",False,0,0.0
uniform,Benchmark Obstacle Detour,6,0.05,False,False,False,False,False,False,0.21994686663367508,0.010559563482125688,0.26718113165960167,0.09881153537365588,2.809640927629272,11.328633181177993,20.74945849859429,0.000599300542833317,0.10166157399537042,0.10462170001119375,0.20134828002774152,0.2727811000077054,10.166157399537042,0.68,10.26785609999206,10.166157399537042,5.0,100,0,0,"[0.09988220001105219, 0.14730150008108467, 0.1064907000400126, 0.08286119997501373, 0.09692779998295009, 0.09446870000101626, 0.08048290002625436, 0.08595590002369136, 0.10535179998259991, 0.11636339989490807, 0.09957389999181032, 0.09830349998082966, 0.1718392000766471, 0.10701739997602999, 0.08432460005860776, 0.08955890010111034, 0.12199020001571625, 0.10454329999629408, 0.11300920008216053, 0.10996150004211813, 0.11499319993890822, 0.1414187999907881, 0.11961070005781949, 0.08056659996509552, 0.10552670003380626, 0.10671730001922697, 0.1185543000465259, 0.11672559997532517, 0.1188799999654293, 0.15763319993857294, 0.12471020000521094, 0.1190984999993816, 0.15356560004875064, 0.09864039998501539, 0.1432480999501422, 0.10470010002609342, 0.11260510003194213, 0.10648439999204129, 0.13541170000098646, 0.15269969997461885, 0.11341980006545782, 0.0846456999424845, 0.10141000000294298, 0.09897110005840659, 0.11033289995975792, 0.12098680005874485, 0.15877660003025085, 0.1531486000167206, 0.11615229991730303, 0.14213849999941885, 0.18110419996082783, 0.19914299994707108, 0.15133709996007383, 0.17329830001108348, 0.16829279996454716, 0.14424889988731593, 0.14724359998945147, 0.24944289994891733, 0.19146529992576689, 0.23152050003409386, 0.16813749994616956, 0.20074390002992004, 0.2727811000077054, 0.17804979998618364, 0.23798179998993874, 0.21283149998635054, 0.079529800103046, 0.09452419995795935, 0.04048040008638054, 0.03256870002951473, 0.03133449994493276, 0.04749219992663711, 0.036052700015716255, 0.03393000003416091, 0.04617610003333539, 0.034643699997104704, 0.032566300011239946, 0.032188299926929176, 0.027683999971486628, 0.02855950000230223, 0.04318909998983145, 0.02849559998139739, 0.028623900027014315, 0.0255395999411121, 0.04117420001421124, 0.03985369997099042, 0.029801800032146275, 0.03330289991572499, 0.040984599967487156, 0.03460149990860373, 0.03527750005014241, 0.04072019993327558, 0.03840780002065003, 0.03220730007160455, 0.03546759998425841, 0.0460307999746874, 0.04124959988985211, 0.0394910000031814, 0.028398199938237667, 0.030007599969394505]",False,0,0.0
gmm_heuristic,Benchmark Multi-Axis Motion,6,0.05,True,True,True,True,True,False,0.0,0.0,0.0,0.0,0.5166714978953623,3.749625588946432,6.701766216988547,0.02680004681646915,0.049176192859054675,0.04855229996610433,0.07703015502775087,0.09029660001397133,1.376933400053531,0.39285714285714285,1.6494331000139937,1.6430996000999585,1.4000000000000001,28,0,8,"[0.04443900007754564, 0.09029660001397133, 0.07023539999499917, 0.02593690005596727, 0.06826840003486723, 0.05238639994058758, 0.04810659994836897, 0.07552820001728833, 0.05229500005953014, 0.037024299963377416, 0.06654060003347695, 0.0533098999876529, 0.038685600040480494, 0.03731249994598329, 0.03738580003846437, 0.021265000104904175, 0.03868610004428774, 0.03301060001831502, 0.03979129996150732, 0.03746120003052056, 0.04920869995839894, 0.0627103999722749, 0.04899799998383969, 0.047597299912013113, 0.051962199970148504, 0.021425799932330847, 0.07783890003338456, 0.0492266999790445]",True,48,0.26616620004642755
heuristic,Benchmark Multi-Axis Motion,6,0.05,True,True,True,True,True,False,0.0,0.0,0.0,0.0,0.5166380554375446,3.7492627049612675,6.701798887860491,0.02680004681646915,0.06658470357901283,0.060541249986272305,0.10517092997324652,0.145903299911879,1.8643717002123594,0.7142857142857143,1.8702689999481663,1.8643717002123594,1.4000000000000001,28,0,8,"[0.05114910006523132, 0.05128000001423061, 0.06269419996533543, 0.07669680006802082, 0.0501955000218004, 0.10234720003791153, 0.049969300045631826, 0.06295609998051077, 0.145903299911879, 0.05838830000720918, 0.10048280004411936, 0.09145120007451624, 0.06521410006098449, 0.03522169997449964, 0.04901429999154061, 0.07516130001749843, 0.09196549991611391, 0.0489183000754565, 0.051354499999433756, 0.07846089999657124, 0.049468700075522065, 0.03646939992904663, 0.0631941999308765, 0.04864860000088811, 0.047776499995961785, 0.06315360008738935, 0.10669139993842691, 0.050144899985753]",False,0,0.0
uniform,Benchmark Multi-Axis Motion,6,0.05,False,False,False,False,False,False,0.27555555981991253,0.006965967568603126,0.18338796570687504,0.11420694750425908,2.8421921271395725,6.0176101305142025,18.25355039225729,0.017504166052408093,0.023532630993286147,0.023084099986590445,0.026170189975528047,0.03533139999490231,2.3532630993286148,0.0,2.3751546000130475,2.3532630993286148,5.0,100,0,0,"[0.023605399997904897, 0.024526999914087355, 0.024058599956333637, 0.02486259990837425, 0.024565199972130358, 0.03533139999490231, 0.02519189997110516, 0.026155499974265695, 0.02331880002748221, 0.02279429999180138, 0.02307869994547218, 0.025174499955028296, 0.023143399972468615, 0.023893199977464974, 0.024334399960935116, 0.0231882999651134, 0.021582799963653088, 0.02562309999484569, 0.0232937999535352, 0.02407309995032847, 0.02430570009164512, 0.021341599989682436, 0.02665849996265024, 0.02499180007725954, 0.02158689999487251, 0.025129699963144958, 0.024753900012001395, 0.022731799981556833, 0.022379999980330467, 0.02270400000270456, 0.02219559997320175, 0.02285990002565086, 0.024048199993558228, 0.0216626999899745, 0.022145799943245947, 0.024432800011709332, 0.022320799995213747, 0.022907999926246703, 0.022458699997514486, 0.022256500087678432, 0.022941799950785935, 0.022708899923600256, 0.02335630008019507, 0.022659100010059774, 0.023065899964421988, 0.02285649999976158, 0.02206679992377758, 0.023152600042521954, 0.023424800019711256, 0.02194710006006062, 0.02308950002770871, 0.022946699988096952, 0.023146699997596443, 0.022862000041641295, 0.02271620009560138, 0.023574999999254942, 0.023000999935902655, 0.026112699997611344, 0.025549900019541383, 0.02145830006338656, 0.02233039995189756, 0.02300820010714233, 0.022776299971155822, 0.02281820005737245, 0.022344999946653843, 0.02130659995600581, 0.025204100064001977, 0.023208900005556643, 0.022412799997255206, 0.02199290005955845, 0.022298499941825867, 0.022501599974930286, 0.022251800051890314, 0.022755300044082105, 0.022117699962109327, 0.02209650003351271, 0.022542100050486624, 0.022826800006441772, 0.02327889995649457, 0.024106300086714327, 0.024150899960659444, 0.022633399930782616, 0.023386599961668253, 0.02548059995751828, 0.023663199972361326, 0.023925699992105365, 0.022914799978025258, 0.02368049998767674, 0.019877600017935038, 0.02251140004955232, 0.026449299999512732, 0.025240999995730817, 0.0217362999683246, 0.024364099954254925, 0.022042199969291687, 0.024494300014339387, 0.026786300004459918, 0.02400749991647899, 0.024199999985285103, 0.02923179999925196]",False,0,0.0
gmm_heuristic,Benchmark Point-to-Point,7,0.05,True,True,True,True,True,False,0.0,0.0,0.0,0.0,0.29509052156449933,0.48389236601066415,1.6459914284039525,0.04287682265918312,0.056111134978709745,0.055160050047561526,0.09080318491323852,0.11056669999379665,1.1222226995741948,0.6,1.4042535999324173,1.399597799521871,1.0,20,0,8,"[0.11056669999379665, 0.056605600053444505, 0.024961099959909916, 0.03596450004260987, 0.025633999961428344, 0.06631379993632436, 0.0517373998882249, 0.06821269995998591, 0.0362833000253886, 0.024307499988935888, 0.07091599993873388, 0.059035099926404655, 0.041233600000850856, 0.06060650001745671, 0.08634289994370192, 0.05371450004167855, 0.08310579997487366, 0.04965639999136329, 0.027262300020083785, 0.08976299990899861]",True,48,0.27737509994767606
heuristic,Benchmark Point-to-Point,7,0.05,True,True,True,True,True,False,0.0,0.0,0.0,0.0,0.29509052156449933,0.48389236601066415,1.6459914284039525,0.04287682265918312,0.08277470500324853,0.08138915005838498,0.122225259966217,0.15092019992880523,1.6554941000649706,0.95,1.661081500002183,1.6554941000649706,1.0,20,0,8,"[0.056457500089891255, 0.06181819993071258, 0.10264910000842065, 0.08817370003089309, 0.15092019992880523, 0.08568410004954785, 0.08919229998718947, 0.07798100006766617, 0.09185740002430975, 0.07534149999264628, 0.042574399965815246, 0.059981699916534126, 0.0758172000059858, 0.0588020000141114, 0.07218660006765276, 0.09142109996173531, 0.05315519997384399, 0.12071499996818602, 0.11596860003191978, 0.0847973000491038]",False,0,0.0
uniform,Benchmark Point-to-Point,7,0.05,False,False,True,False,False,False,0.21659696565514153,0.009771785585346802,0.24903500405839707,0.08520439505922338,2.8101849898996534,4.657916063893499,11.493686237480187,0.038789427082971534,0.02692186100059189,0.025632400007452816,0.03593014001962728,0.049093900015577674,2.692186100059189,0.0,2.7173971000593156,2.692186100059189,5.0,100,0,0,"[0.049093900015577674, 0.04793560004327446, 0.03498530003707856, 0.039300199947319925, 0.030625400017015636, 0.03577800001949072, 0.03443240001797676, 0.029979099985212088, 0.03059820004273206, 0.03131509991362691, 0.04657010000664741, 0.0388208000222221, 0.03082780004478991, 0.029458700097166002, 0.029767500003799796, 0.026509699993766844, 0.027939399937167764, 0.025906400056555867, 0.02671180001925677, 0.027245800010859966, 0.026914999936707318, 0.025889699929393828, 0.026326099992729723, 0.02430279995314777, 0.026073700049892068, 0.026108299964107573, 0.02512509992811829, 0.02604230004362762, 0.025218699942342937, 0.024314400041475892, 0.025967099936679006, 0.02584200003184378, 0.025894499965943396, 0.0260420999256894, 0.02579179999884218, 0.026557400007732213, 0.024859099998138845, 0.02393799996934831, 0.024790999945253134, 0.025054899975657463, 0.024696200038306415, 0.025705500040203333, 0.025709299952723086, 0.026186800096184015, 0.025823300005868077, 0.02330999996047467, 0.02446560002863407, 0.02369539998471737, 0.024594199960120022, 0.02531439997255802, 0.0243989999871701, 0.024866200052201748, 0.025937299942597747, 0.026954400003887713, 0.025811700033955276, 0.02501250000204891, 0.025554000050760806, 0.025505200028419495, 0.023797100060619414, 0.026182099943980575, 0.026281099999323487, 0.02454300003591925, 0.025641700020059943, 0.024942600051872432, 0.025114500080235302, 0.025540600065141916, 0.027839999995194376, 0.02425989997573197, 0.02590729994699359, 0.02405539993196726, 0.024494900018908083, 0.025892999954521656, 0.025234400061890483, 0.024884600075893104, 0.024895800044760108, 0.02659619995392859, 0.02592049993108958, 0.025961300008930266, 0.025184700032696128, 0.02442300005350262, 0.023815499967895448, 0.024200899992138147, 0.024615700007416308, 0.023905400070361793, 0.02619469992350787, 0.02402430004440248, 0.023259200039319694, 0.02493840001989156, 0.02551479998510331, 0.02512629993725568, 0.024024699931032956, 0.025059500010684133, 0.025418999954126775, 0.025180900003761053, 0.025104800006374717, 0.024319899966940284, 0.02562309999484569, 0.026453600032255054, 0.024228299967944622, 0.02518720005173236]",False,0,0.0
gmm_heuristic,Benchmark Obstacle Detour,7,0.05,False,False,False,False,False,False,0.5107221799980909,0.0010481991709070347,0.08542690624323641,0.24178918730454313,1.8414702971736094,11.388445454206826,31.651185568984626,0.0008824113972043524,0.1566001890017651,0.10072415001923218,0.47999262502999046,0.5664012000197545,15.66001890017651,0.86,16.212832699995488,16.109853400150314,5.0,100,2,2,"[0.05575549998320639, 0.11073580000083894, 0.029798800009302795, 0.12041009997483343, 0.027649300056509674, 0.15156500006560236, 0.056440899963490665, 0.05991139996331185, 0.02860670001246035, 0.05385439994279295, 0.028801800101064146, 0.08435159991495311, 0.029054899932816625, 0.0812851000810042, 0.025976400007493794, 0.08641939994413406, 0.05908179993275553, 0.10270479996688664, 0.027359499945305288, 0.10548889997880906, 0.13626150006894022, 0.02892549999523908, 0.10789500002283603, 0.05893569998443127, 0.02660219999961555, 0.06430970004294068, 0.03146450000349432, 0.030637399991974235, 0.07816569996066391, 0.1815999000100419, 0.06622550007887185, 0.07827920001000166, 0.11723239999264479, 0.07677569997031242, 0.08677199995145202, 0.04439669998828322, 0.13593170000240207, 0.0794475000584498, 0.07418479991611093, 0.12039050005842, 0.0757848999928683, 0.061951300012879074, 0.07457629998680204, 0.12662380002439022, 0.0556376000167802, 0.028714700019918382, 0.05471980001311749, 0.056880899937823415, 0.06857879995368421, 0.0678551000310108, 0.07137330004479736, 0.06774139998015016, 0.06022780004423112, 0.09874350007157773, 0.20356270007323474, 0.14029819995630533, 0.05433349998202175, 0.09163709997665137, 0.03247840004041791, 0.061988099943846464, 0.1169651000527665, 0.14431680005509406, 0.18635420000646263, 0.17947199998889118, 0.20672999997623265, 0.4823434000136331, 0.3822042999090627, 0.555411999928765, 0.2008985000429675, 0.09148800000548363, 0.5239254001062363, 0.1929943000432104, 0.47986890003085136, 0.23661299992818385, 0.5664012000197545, 0.24921609996818006, 0.5014473999617621, 0.33488059998489916, 0.20868899999186397, 0.43220290006138384, 0.3006457999581471, 0.338489199988544, 0.3560498000588268, 0.19963709998410195, 0.2481284000677988, 0.21475050004664809, 0.3484080999623984, 0.08711960003711283, 0.27322960004676133, 0.2284980999538675, 0.1925450999988243, 0.20312650001142174, 0.3426776999840513, 0.3511671000160277, 0.2079885998973623, 0.22463300009258091, 0.09424040000885725, 0.09157750010490417, 0.2140384999802336, 0.3672527999151498]",True,17,0.44983449997380376
heuristic,Benchmark Obstacle Detour,7,0.05,True,True,True,True,True,False,0.0,0.0,0.0,0.0,1.6850186256479809,7.612573236372551,10.76142971653011,0.0007488622791903821,0.5536279257170723,0.5123819999862462,1.0093308399897067,1.3070902000181377,38.75395480019506,1.0,38.90599380002823,38.75395480019506,3.5,70,1,9,"[0.41091890004463494, 0.2742352000204846, 0.4556289999745786, 0.6287073000567034, 0.2860934999771416, 0.6318175999913365, 0.3821758000412956, 0.47870779992081225, 0.16109170007985085, 0.43858869990799576, 0.26158319995738566, 0.3563733999617398, 0.4609438000479713, 0.3965043999487534, 0.5748923999490216, 0.7199193000560626, 0.551884499960579, 0.6221465999260545, 0.422307200031355, 1.111049999948591, 0.4232975000049919, 0.28591429989319295, 0.63621589995455, 0.41935260000173, 0.2357705000322312, 0.3441777001135051, 0.9371966000180691, 0.3227956999326125, 0.6731283999979496, 0.4630398000590503, 0.31643630005419254, 0.9253084999509156, 0.12429549999069422, 0.5829188999487087, 0.5324816999491304, 0.5612262999638915, 0.69835070008412, 0.7322343999985605, 1.3070902000181377, 0.5726605000672862, 0.5056256999960169, 0.8575609000399709, 0.37394189997576177, 0.8309930000687018, 0.8991484000580385, 0.9983270999509841, 0.46073250006884336, 0.4251562999561429, 0.2779243999393657, 0.6695922999642789, 0.37424210004974157, 0.5159619000041857, 1.0183339000213891, 0.6522099999710917, 0.39847090002149343, 0.8499654999468476, 1.096308800042607, 0.6988140000030398, 0.37056319997645915, 0.37168830004520714, 0.5088020999683067, 0.4217256000265479, 0.6349075000034645, 0.541082700015977, 0.675955600105226, 0.5664275999879465, 0.37506820005364716, 0.6621395000256598, 0.5432752000633627, 0.45954740000888705]",False,0,0.0
uniform,Benchmark Obstacle Detour,7,0.05,False,False,False,False,False,False,0.11670439118121244,0.010269286785486643,0.2594015495234721,0.01746191265020748,2.9066307095092836,5.551658905071763,10.688364900827713,0.0017593471066622707,0.13012565901153722,0.12020504998508841,0.2021933449199423,0.24963870004285127,13.012565901153721,0.99,13.13692479999736,13.012565901153721,5.0,100,0,0,"[0.10108070005662739, 0.11029310000594705, 0.09074690006673336, 0.05521289992611855, 0.10274390003178269, 0.08316189993638545, 0.08274169999640435, 0.07006629998795688, 0.04476240009535104, 0.10820910008624196, 0.12467710010241717, 0.10412120004184544, 0.13450160005595535, 0.12345860002096742, 0.13853520003613085, 0.1408650999655947, 0.13271990010980517, 0.10514110000804067, 0.10020349989645183, 0.1983849999960512, 0.19146949995774776, 0.17151420004665852, 0.19014810002408922, 0.21642009995412081, 0.2234718999825418, 0.19427790003828704, 0.20445710001513362, 0.19033480004873127, 0.17372209997847676, 0.16003589995671064, 0.13759890000801533, 0.11466809990815818, 0.12646820000372827, 0.107849600026384, 0.11482270003762096, 0.1142725000390783, 0.1321995999896899, 0.1656720000319183, 0.10760290001053363, 0.13482460007071495, 0.14463569992221892, 0.11348220007494092, 0.14227229997050017, 0.11085739999543875, 0.09198549995198846, 0.11361640004906803, 0.10190430004149675, 0.12180610001087189, 0.11448160000145435, 0.1338174999691546, 0.16870520007796586, 0.17384810000658035, 0.13247049995698035, 0.10192090005148202, 0.14269600005354732, 0.13662260002456605, 0.0735395000083372, 0.1384294000454247, 0.1260863000061363, 0.10295500000938773, 0.13909199996851385, 0.17216169997118413, 0.21631509996950626, 0.13917520001996309, 0.1940253000939265, 0.20207419991493225, 0.1933762999251485, 0.1698967000702396, 0.24963870004285127, 0.12339200009591877, 0.12211860006209463, 0.096802799962461, 0.11356540000997484, 0.11254669993650168, 0.09904950007330626, 0.10569220001343638, 0.09893670002929866, 0.10396049998234957, 0.09421060001477599, 0.11535440001171082, 0.1153925999533385, 0.1141275999834761, 0.10238090006168932, 0.13494780007749796, 0.17016700003296137, 0.10174469999037683, 0.17514740000478923, 0.12533020006958395, 0.07475649996194988, 0.11665049998555332, 0.09800980007275939, 0.11373590002767742, 0.09815870004240423, 0.1114227999933064, 0.1208980999654159, 0.09455809998326004, 0.1494609999936074, 0.11951200000476092, 0.09999130002688617, 0.10519799997564405]",False,0,0.0
gmm_heuristic,Benchmark Multi-Axis Motion,7,0.05,True,True,True,True,True,False,0.0,0.0,0.0,0.0,0.5166380554375446,3.7496012297630634,6.701798887860491,0.02680004681646915,0.15872522142100415,0.16006384993670508,0.23268196994904428,0.2552694999612868,4.444306199788116,1.0,5.3621732000028715,5.343758299713954,1.4000000000000001,28,0,8,"[0.16617979994043708, 0.208021100028418, 0.09874970000237226, 0.1539478999329731, 0.22534359991550446, 0.13642029999755323, 0.09085130004677922, 0.13759709999430925, 0.2113971000071615, 0.14006879995577037, 0.13564829993993044, 0.16775190003681928, 0.17825200001243502, 0.18442589999176562, 0.18744890007656068, 0.1440414999378845, 0.08162740000989288, 0.1875929000088945, 0.2552694999612868, 0.1782412000466138, 0.07290260004810989, 0.12391989992465824, 0.14405450003687292, 0.1838367999298498, 0.08486329996958375, 0.1394431000808254, 0.18977639998774976, 0.2366333999671042]",True,48,0.8994520999258384
heuristic,Benchmark Multi-Axis Motion,7,0.05,True,True,True,True,True,False,0.0,0.0,0.0,0.0,0.5156077839151069,3.748879991248915,6.698534749921772,0.02680004681646915,0.23750003570291614,0.23770290001994,0.41149907997460106,0.41685460007283837,6.650000999681652,1.0,6.676793899969198,6.650000999681652,1.4000000000000001,28,0,8,"[0.13984029996208847, 0.3532763000112027, 0.28029049991164356, 0.1407621999969706, 0.30741110001690686, 0.37070959992706776, 0.07520329998806119, 0.2643929999321699, 0.2347030999371782, 0.08234980003908277, 0.15277950000017881, 0.2402647000271827, 0.4082469999557361, 0.16682170005515218, 0.41685460007283837, 0.2796255999710411, 0.2106768999947235, 0.14201940002385527, 0.13847789994906634, 0.24788379995152354, 0.23514110001269728, 0.4132501999847591, 0.32192219991702586, 0.09571279992815107, 0.34824149997439235, 0.2571546999970451, 0.09416980005335063, 0.23181840009056032]",False,0,0.0
uniform,Benchmark Multi-Axis Motion,7,0.05,False,False,False,False,False,False,0.2447579046745242,0.009859024492293837,0.2580171073873691,0.08453665395681632,2.7859259124490725,3.8444086354761815,13.923408771417465,0.02680004681646915,0.0876302890072111,0.08632175001548603,0.10583961999509484,0.11789720004890114,8.76302890072111,1.0,8.835361000034027,8.76302890072111,5.0,100,0,0,"[0.09243309998419136, 0.08100260002538562, 0.09441839996725321, 0.08731089998036623, 0.10908419999759644, 0.10073609999381006, 0.09148070006631315, 0.1057812999933958, 0.09996750007849187, 0.0778721000533551, 0.07540209998842329, 0.09286490001250058, 0.07889599993359298, 0.07685239997226745, 0.07787500007543713, 0.10694770002737641, 0.0901812999509275, 0.11113809992093593, 0.09306440001819283, 0.08038579998537898, 0.07942399999592453, 0.08353439997881651, 0.08636279997881502, 0.08472160005476326, 0.0758251000661403, 0.07774480001535267, 0.08809069998096675, 0.09496980009134859, 0.08674769999925047, 0.10373139998409897, 0.09003469999879599, 0.09391870000399649, 0.0977352000772953, 0.08598979993257672, 0.08111210004426539, 0.08346720004919916, 0.09217700001318008, 0.08285459992475808, 0.08158819994423538, 0.08357269992120564, 0.0868800999596715, 0.08675570006016642, 0.0832245999481529, 0.10085079993586987, 0.10876079997979105, 0.08379539998713881, 0.08784990001004189, 0.08243990002665669, 0.07702409999910742, 0.08607980003580451, 0.08622609998565167, 0.0816516000777483, 0.07846520002931356, 0.08554450003430247, 0.09457910002674907, 0.09533280006144196, 0.0790627000387758, 0.10443589999340475, 0.0967836999334395, 0.07180899998638779, 0.1044790999731049, 0.09065670007839799, 0.08677380008157343, 0.09209649998228997, 0.07132320001255721, 0.09632430004421622, 0.09446190006565303, 0.07943470007739961, 0.08628340007271618, 0.08999540004879236, 0.08667430002242327, 0.11789720004890114, 0.08408100006636232, 0.07816609996370971, 0.08741300005931407, 0.10521259997040033, 0.08636009995825589, 0.07847860001493245, 0.08096809999551624, 0.07111619994975626, 0.08167310000862926, 0.08009890001267195, 0.0788460000185296, 0.0969145999988541, 0.08855759992729872, 0.09246880002319813, 0.08195880008861423, 0.07090779999271035, 0.08399670000653714, 0.09945440001320094, 0.0741353000048548, 0.0713984000030905, 0.08104190009180456, 0.07216280000284314, 0.09002339991275221, 0.10168129997327924, 0.09693619993049651, 0.08439980004914105, 0.07850089995190501, 0.07482720003463328]",False,0,0.0
gmm_heuristic,Benchmark Point-to-Point,8,0.05,True,True,True,True,True,False,0.0,0.0,0.0,0.0,0.29509052156449933,0.48525901086800793,1.6459914284039525,0.04287682265918312,0.16983327001216822,0.17356600001221523,0.25173029995639806,0.2585721999639645,3.3966654002433643,1.0,4.325665399897844,4.311313400277868,1.0,20,0,8,"[0.16789570008404553, 0.07806710002478212, 0.20553839998319745, 0.12669290008489043, 0.2585721999639645, 0.25137019995599985, 0.24220330000389367, 0.1310889000305906, 0.1885857000015676, 0.10048669995740056, 0.20893900003284216, 0.210789900040254, 0.13851409999188036, 0.12263200001325458, 0.07464620005339384, 0.17192670004442334, 0.1752052999800071, 0.13388129998929799, 0.20481100003235042, 0.20481879997532815]",True,48,0.9146480000345036
heuristic,Benchmark Point-to-Point,8,0.05,True,True,True,True,True,False,0.0,0.0,0.0,0.0,0.29509052156449933,0.48389236601066415,1.6459914284039525,0.04287682265918312,0.25525576500804165,0.2290658499696292,0.42600143498275433,0.4515798999927938,5.105115300160833,1.0,5.1197542999871075,5.105115300160833,1.0,20,0,8,"[0.19974660000298172, 0.2272198999999091, 0.19215919997077435, 0.17929670005105436, 0.33863320003729314, 0.4515798999927938, 0.29306040005758405, 0.18118569999933243, 0.2873252999270335, 0.29172570002265275, 0.15684309997595847, 0.18471390008926392, 0.34671460010576993, 0.18559549993369728, 0.2567886000033468, 0.2309117999393493, 0.4246551999822259, 0.18844729999545962, 0.2923198000062257, 0.19619290006812662]",False,0,0.0
uniform,Benchmark Point-to-Point,8,0.05,False,False,False,False,False,False,0.09401430305015414,0.0067135922910776455,0.17048679525442156,0.02057874041607701,2.8274905851960415,3.04005072883712,7.786956024187593,0.03822659753524535,0.0900631790002808,0.0899104000418447,0.10871025490923784,0.12066280003637075,9.00631790002808,1.0,9.080020800000057,9.00631790002808,5.0,100,0,0,"[0.09564349998254329, 0.08058680000249296, 0.08173630002420396, 0.08245039999019355, 0.07038960000500083, 0.07362879998981953, 0.08747230004519224, 0.08366540004499257, 0.09051750006619841, 0.08948970003984869, 0.08931540010962635, 0.09169789997395128, 0.09568420005962253, 0.07348240003921092, 0.08053619996644557, 0.0700451999437064, 0.07840790005866438, 0.0992551000090316, 0.07934329996351153, 0.08775020006578416, 0.09377270005643368, 0.08926170004997402, 0.08601720002479851, 0.07237020006868988, 0.1086594999069348, 0.08114190003834665, 0.0919624000089243, 0.09639830002561212, 0.09962360002100468, 0.10380989999976009, 0.09019580006133765, 0.07905669999308884, 0.08787819999270141, 0.11610320000909269, 0.09439089999068528, 0.1048008999787271, 0.08620380004867911, 0.09681539994198829, 0.10056459996849298, 0.11275430000387132, 0.09318670001812279, 0.10967459995299578, 0.08324529998935759, 0.07756570004858077, 0.09102320007514209, 0.07795740000437945, 0.09147720003966242, 0.10215269995387644, 0.09786149999126792, 0.09740949992556125, 0.10687119991052896, 0.10028409992810339, 0.07510569994337857, 0.08544840000104159, 0.0936217000707984, 0.08733749995008111, 0.08025740005541593, 0.09994730004109442, 0.08432030002586544, 0.09425840002950281, 0.10992010007612407, 0.09581999992951751, 0.08358610002323985, 0.09048369992524385, 0.07055820000823587, 0.08691090007778257, 0.09673970006406307, 0.09091709996573627, 0.09321959991939366, 0.10077809996437281, 0.08829390001483262, 0.10399560001678765, 0.09208889992441982, 0.09401889995206147, 0.08288370002992451, 0.08131029992364347, 0.0763227998977527, 0.0988816999597475, 0.12066280003637075, 0.08632499992381781, 0.07182499999180436, 0.0877358999568969, 0.1038284000242129, 0.09973619994707406, 0.09797440003603697, 0.08561329997610301, 0.07920739997643977, 0.0908931999001652, 0.0853063000831753, 0.10042220004834235, 0.08137999998871237, 0.08713749994058162, 0.09475799999199808, 0.09842150006443262, 0.08962500002235174, 0.07118529989384115, 0.07568570005241781, 0.0817366000264883, 0.08733639994170517, 0.090907400008291]",False,0,0.0
gmm_heuristic,Benchmark Obstacle Detour,8,0.05,True,True,True,True,True,False,0.0,0.0,0.0,0.0,1.5462258960941477,6.361560322103477,8.993335842709907,0.0005254565215699197,0.2990371514837641,0.28089434996945783,0.5680453750246669,0.7356704999692738,20.33452630089596,1.0,22.06246950000059,21.855637000873685,3.4000000000000004,68,9,12,"[0.2610002999426797, 0.11541610001586378, 0.41558450006414205, 0.38865069998428226, 0.12074919999577105, 0.48744779999833554, 0.20262760005425662, 0.08535900001879781, 0.18015010003000498, 0.1997119999723509, 0.33438210003077984, 0.1938038000371307, 0.400573099963367, 0.09128470008727163, 0.23581970005761832, 0.3992438999703154, 0.6995546999387443, 0.2788588999537751, 0.5995052999351174, 0.3370819999836385, 0.7356704999692738, 0.34981809998862445, 0.3158135999692604, 0.10516280005685985, 0.300337600056082, 0.14845460001379251, 0.5077859000302851, 0.38689259998500347, 0.29586539999581873, 0.4149896000744775, 0.5234066999983042, 0.10806130000855774, 0.21649010002147406, 0.11707979999482632, 0.40795940009411424, 0.26548400009050965, 0.26043020002543926, 0.21849680005107075, 0.11638460005633533, 0.45570789999328554, 0.5866176000563428, 0.17924240010324866, 0.08112759992945939, 0.24803649995010346, 0.3351148000219837, 0.5335540999658406, 0.09859150007832795, 0.2517585000023246, 0.2093143000965938, 0.24502410006243736, 0.28292979998514056, 0.4072120999917388, 0.46373750001657754, 0.3962262000422925, 0.35411740001291037, 0.10077999997884035, 0.2032392000546679, 0.20071730006020516, 0.1917567999335006, 0.3339997000293806, 0.29858509998302907, 0.42559160001110286, 0.24634960002731532, 0.33888469997327775, 0.2353562000207603, 0.3427657999563962, 0.08905519999098033, 0.37774370005354285]",True,12,1.5211106999777257
heuristic,Benchmark Obstacle Detour,8,0.05,False,False,False,False,False,False,0.4482295702985303,0.0011514512124498368,0.09577898149422404,0.19856039256675945,2.7983944519142048,10.4935008228115,26.90384619730049,0.0010852644446875531,0.44832683499669657,0.4483879000181332,0.7722238950664178,1.0397053000051528,44.832683499669656,1.0,45.05559549992904,44.832683499669656,5.0,100,4,3,"[0.10675509995780885, 0.240170200006105, 0.27105580002535135, 0.20066830003634095, 0.32758279994595796, 0.7719795000739396, 0.576010899967514, 0.42347529996186495, 0.49947729997802526, 0.4616803000681102, 0.21278659999370575, 0.44336280005518347, 0.721685600001365, 0.624208299908787, 0.453412999981083, 0.45635880006011575, 0.17180539993569255, 0.29408919997513294, 0.30754910001996905, 0.4275559999514371, 0.4548141999403015, 0.6446338999085128, 0.31771009997464716, 0.22070270008407533, 0.5702016999712214, 0.525186000042595, 0.623354300041683, 1.0397053000051528, 0.3170559999998659, 0.44118890003301203, 0.5234593000495806, 0.38592699996661395, 0.07635320001281798, 0.09700990002602339, 0.6023022000445053, 0.6479359000222757, 0.34911050007212907, 0.4841369999339804, 0.7833140000002459, 0.6030509000411257, 0.43324389995541424, 0.6384700000053272, 0.5477670000400394, 0.5265952000627294, 0.5769244999391958, 0.1108393999747932, 0.5203852999256924, 0.22386979998555034, 0.46979760006070137, 0.38714280002750456, 0.7768673999235034, 0.09707940008956939, 0.2997153999749571, 0.6056032000342384, 0.31387139996513724, 0.3091522998875007, 0.36810800002422184, 0.36941630009096116, 0.6637219999684021, 0.18009089992847294, 0.430850200005807, 0.5228485999396071, 0.7291518000420183, 0.0925909000216052, 0.866918999934569, 0.22390410001389682, 0.5564817000413314, 0.5684021000051871, 0.41051439999137074, 0.4824479999952018, 0.577330100000836, 0.18670489999931306, 0.19971499999519438, 0.4870368998963386, 0.6989204999990761, 0.32641129998955876, 0.335064799990505, 0.29708300007041544, 0.4032494999701157, 0.425268099992536, 0.4668288000393659, 0.5871675000526011, 0.28218229999765754, 0.25425630004610866, 0.30777249997481704, 0.6819119999418035, 0.66586179996375, 0.29452789993956685, 0.3457014999585226, 0.5798291999381036, 0.5765160999726504, 0.30169540003407747, 0.9660287000006065, 0.34871120005846024, 0.5736957000335678, 0.37447949999477714, 0.6988356999354437, 0.47399930004030466, 0.6018730999203399, 0.5124289999948815]",False,0,0.0
uniform,Benchmark Obstacle Detour,8,0.05,False,False,False,False,False,False,0.2721898394392339,0.019350075835224398,0.49107643309481624,0.055572728096526205,2.8175553259117248,14.210675112269291,26.783358109086358,0.0005506171244858832,0.1195910469989758,0.1151542499428615,0.17157960502663627,0.18676319997757673,11.95910469989758,0.99,12.066383700002916,11.95910469989758,5.0,100,0,0,"[0.09176730003673583, 0.10115280002355576, 0.08503600000403821, 0.0946811999892816, 0.07952689996454865, 0.08924250002019107, 0.0982920000096783, 0.08270220004487783, 0.0878440000815317, 0.08585609996225685, 0.09468219999689609, 0.10328640008810908, 0.09161240002140403, 0.07791439990978688, 0.08552550000604242, 0.08179590001236647, 0.10845689999405295, 0.12472139997407794, 0.11212360009085387, 0.0788888999959454, 0.09398160001728684, 0.101359200081788, 0.10270189994480461, 0.11698419996537268, 0.11066270002629608, 0.10228530003223568, 0.08850040007382631, 0.08914589998312294, 0.08317410002928227, 0.10702729993499815, 0.10743949993047863, 0.10304280009586364, 0.12767219997476786, 0.13067480002064258, 0.1490336999995634, 0.13122079998720437, 0.10994390002451837, 0.16321899998001754, 0.12353800004348159, 0.15435969992540777, 0.10510620009154081, 0.09241869999095798, 0.1474121999926865, 0.17124739999417216, 0.12749810004606843, 0.1049261000007391, 0.09553179994691163, 0.12936319992877543, 0.17228840000461787, 0.1465125000104308, 0.12426050007343292, 0.12134159996639937, 0.13729550002608448, 0.1480813999660313, 0.17572659999132156, 0.09931420010980219, 0.14147190004587173, 0.12467889999970794, 0.13066919997800142, 0.11244870000518858, 0.09711089998017997, 0.10022590006701648, 0.10589739994611591, 0.10560599993914366, 0.11332429992035031, 0.1320845999289304, 0.1382535999873653, 0.1417354999575764, 0.15221209998708218, 0.13699559995438904, 0.18676319997757673, 0.12848509999457747, 0.13606759998947382, 0.12353709992021322, 0.15650439995806664, 0.08507539995480329, 0.11925620003603399, 0.11021000007167459, 0.08894509996753186, 0.12967679998837411, 0.08012359996791929, 0.04379429994150996, 0.1582529000006616, 0.14032569993287325, 0.15376929997000843, 0.16176099993754178, 0.15456880000419915, 0.17154230002779514, 0.10283710004296154, 0.13642469991464168, 0.1316593000665307, 0.11280330002773553, 0.09557570004835725, 0.15301439992617816, 0.17733380000572652, 0.14291270007379353, 0.15603710000868887, 0.18081429996527731, 0.12301009998191148, 0.1359088000608608]",False,0,0.0
gmm_heuristic,Benchmark Multi-Axis Motion,8,0.05,True,True,True,True,True,False,0.0,0.0,0.0,0.0,0.5184375505604837,3.7573833483174996,6.7043631661741845,0.02680004681646915,0.1713656642781903,0.17533209995599464,0.25104847492184484,0.2659914999967441,4.798238599789329,1.0,5.852821599924937,5.833824299741536,1.4000000000000001,28,0,4,"[0.16305249999277294, 0.08628200006205589, 0.2112944999244064, 0.13969920005183667, 0.2622034999076277, 0.23033199994824827, 0.20949410006869584, 0.12825589999556541, 0.17762599990237504, 0.08337590005248785, 0.14846010005567223, 0.2659914999967441, 0.15661619999445975, 0.1470344999106601, 0.1746454999083653, 0.229119100025855, 0.1805630000308156, 0.21914869989268482, 0.16346199996769428, 0.18011129996739328, 0.17601870000362396, 0.08397389994934201, 0.1764568000799045, 0.09586600004695356, 0.14515830005984753, 0.1993353000143543, 0.1733019999228418, 0.19136010005604476]",True,48,1.0355856999522075
heuristic,Benchmark Multi-Axis Motion,8,0.05,True,True,True,True,True,False,0.0,0.0,0.0,0.0,0.5166380554375446,3.7496074518415403,6.701798887860491,0.02680004681646915,0.26278548929674017,0.26818544999696314,0.4277525349461939,0.4712310000322759,7.357993700308725,1.0,7.378732000011951,7.357993700308725,1.4000000000000001,28,0,8,"[0.08660399995278567, 0.26490549999289215, 0.26330710004549474, 0.271737499977462, 0.39303410006687045, 0.342419599997811, 0.4712310000322759, 0.27703940006904304, 0.20279740006662905, 0.17426150001119822, 0.13880009995773435, 0.3405087999999523, 0.30600320000667125, 0.14860139996744692, 0.1262109000235796, 0.27146540000103414, 0.4169825999997556, 0.4267113000387326, 0.21449589997064322, 0.12751900008879602, 0.1671230000210926, 0.14923680003266782, 0.3500597000820562, 0.4283131998963654, 0.2559956000186503, 0.2952828999841586, 0.15475340001285076, 0.2925933999940753]",False,0,0.0
uniform,Benchmark Multi-Axis Motion,8,0.05,False,False,False,False,False,False,0.18060450993752145,0.007938534834114372,0.20517914929309128,0.068632967655944,2.768411827111643,3.5526127907808065,11.676957822454128,0.02680004681646915,0.08879805099801161,0.08826719998614863,0.11007712496793828,0.11644540005363524,8.87980509980116,0.98,8.952184800058603,8.87980509980116,5.0,100,0,0,"[0.06653249997179955, 0.031004999997094274, 0.04651460004970431, 0.09432020003441721, 0.09657479997258633, 0.09448729990981519, 0.10354160005226731, 0.10026019997894764, 0.09485700004734099, 0.09518599999137223, 0.07477890001609921, 0.09569180000107735, 0.1099508999614045, 0.1056383999530226, 0.08609090000391006, 0.08729609998408705, 0.10689709999132901, 0.08709080005064607, 0.098681699950248, 0.08594330004416406, 0.0958404999691993, 0.09250010002870113, 0.06354479992296547, 0.07686240004841238, 0.10327300010249019, 0.09036759997252375, 0.09825779998209327, 0.08557709993328899, 0.10576679999940097, 0.0908039000350982, 0.1142416000366211, 0.0965991000412032, 0.09316489996854216, 0.08656600001268089, 0.11340010003186762, 0.11263489990960807, 0.11247540009208024, 0.11644540005363524, 0.06757449998985976, 0.07887960004154593, 0.09514550003223121, 0.07369589991867542, 0.08975160005502403, 0.07934910000767559, 0.08200499997474253, 0.08192619995679706, 0.06648429995402694, 0.09154149994719774, 0.07561990001704544, 0.09642379998695105, 0.08841269998811185, 0.08678119990509003, 0.09358870005235076, 0.08152659994084388, 0.07808780006598681, 0.08458239992614836, 0.08633580000605434, 0.0937613999703899, 0.07928470009937882, 0.08438009989913553, 0.09058680001180619, 0.10136540001258254, 0.08141989994328469, 0.09874579997267574, 0.08176029997412115, 0.08963290008250624, 0.09889889997430146, 0.10068939998745918, 0.09410320001188666, 0.09635190002154559, 0.08995539997704327, 0.08099799999035895, 0.08084539999254048, 0.08668750000651926, 0.1051202000817284, 0.08602479996625334, 0.07861680001951754, 0.0859446000540629, 0.09445560001768172, 0.10320779995527118, 0.08839689998421818, 0.08102649997454137, 0.10483780002687126, 0.10132660006638616, 0.08317200001329184, 0.08128410007338971, 0.0816674999659881, 0.08813749998807907, 0.08584700000938028, 0.07765710004605353, 0.08514929993543774, 0.09126209991518408, 0.06927510001696646, 0.0775446998886764, 0.08724610006902367, 0.08725919993594289, 0.08486890001222491, 0.08418520004488528, 0.08994540001731366, 0.0795066999271512]",False,0,0.0
gmm_heuristic,Benchmark Point-to-Point,9,0.05,True,True,True,True,True,False,0.0,0.0,0.0,0.0,0.2947100542178406,0.4837193390428013,1.6455602117364607,0.04287682265918312,0.1615459799999371,0.16030205000424758,0.27054658994893543,0.2706489999545738,3.2309195999987423,1.0,4.1983893000287935,4.18398019997403,1.0,20,0,8,"[0.12091269996017218, 0.1982805000152439, 0.2706489999545738, 0.20926500007044524, 0.08644949994049966, 0.21967030002269894, 0.19132169999647886, 0.11754470004234463, 0.20560829993337393, 0.08916129998397082, 0.23046290001366287, 0.08394190005492419, 0.07452270004432648, 0.14176789997145534, 0.08346799993887544, 0.13191080000251532, 0.17173589998856187, 0.18483710009604692, 0.2705411999486387, 0.14886820001993328]",True,48,0.9530605999752879
heuristic,Benchmark Point-to-Point,9,0.05,True,True,True,True,True,False,0.0,0.0,0.0,0.0,0.29509052156449933,0.4838840281735181,1.6459914284039525,0.04287682265918312,0.2225609949848149,0.2210131500614807,0.3162461648986209,0.32318999990820885,4.451219899696298,1.0,4.465451099909842,4.451219899696298,1.0,20,0,8,"[0.21904530003666878, 0.18097480002325028, 0.2544138999655843, 0.3158806998981163, 0.2965019999537617, 0.21187370002735406, 0.31237509998027235, 0.14797960000578314, 0.23482139990665019, 0.32318999990820885, 0.22298100008629262, 0.18493370001669973, 0.22789449989795685, 0.12489930004812777, 0.16858469997532666, 0.24534689995925874, 0.20822500006761402, 0.26061359990853816, 0.16407379996962845, 0.14661090006120503]",False,0,0.0
uniform,Benchmark Point-to-Point,9,0.05,False,False,False,False,False,False,0.37011696486055823,0.008839074096159895,0.23261883170152778,0.1551919590663897,2.806006976373866,4.210688893681274,14.415781837287234,0.030176534113398074,0.0893995849986095,0.08776980004040524,0.10946900503477082,0.1557778000133112,8.93995849986095,1.0,9.010286599979736,8.93995849986095,5.0,100,0,0,"[0.08701880008447915, 0.0845216999296099, 0.10906489996705204, 0.09017250000033528, 0.09760550002101809, 0.1557778000133112, 0.07552729989401996, 0.10426579997874796, 0.09036470006685704, 0.10276070004329085, 0.08980160008650273, 0.09208139998372644, 0.07642820000182837, 0.09166709997225553, 0.0925943999318406, 0.08288670005276799, 0.08877679996658117, 0.0933526000007987, 0.09234590001869947, 0.08777960005681962, 0.07485230010934174, 0.094018500065431, 0.0846462999470532, 0.07359899999573827, 0.09139040007721633, 0.08226679998915642, 0.1010283000068739, 0.10355140001047403, 0.09205949993338436, 0.08462310000322759, 0.08311100001446903, 0.0783981999848038, 0.09388529998250306, 0.08400999999139458, 0.07903579995036125, 0.08408599998801947, 0.087178900022991, 0.07355669990647584, 0.1031502999830991, 0.08819649997167289, 0.08196620002854615, 0.08612389990594238, 0.08050789998378605, 0.07324749999679625, 0.08062819996848702, 0.07706679997500032, 0.0762564999749884, 0.09363379993010312, 0.07716089999303222, 0.08852200000546873, 0.10276719997636974, 0.07116729998961091, 0.09129270003177226, 0.08585969998966902, 0.09236309991683811, 0.11437650001607835, 0.09171609999611974, 0.07992309995461255, 0.08066210011020303, 0.07748460001312196, 0.10571870009880513, 0.11028039990924299, 0.0990136000327766, 0.08572329999879003, 0.08526399999391288, 0.08263139997143298, 0.07603590004146099, 0.090806599939242, 0.08584209997206926, 0.08776000002399087, 0.08969950000755489, 0.08081770001444966, 0.08121060009580106, 0.09169889998156577, 0.08734109997749329, 0.08741060004103929, 0.09528669994324446, 0.08893319999333471, 0.08328459993936121, 0.09772540000267327, 0.11107149999588728, 0.10703620000276715, 0.07242400001268834, 0.08901039999909699, 0.08723960001952946, 0.0950031999964267, 0.08319939998909831, 0.09990560007281601, 0.11710200004745275, 0.10942630004137754, 0.08762530004605651, 0.08420919999480247, 0.0808621000032872, 0.0884684999473393, 0.09050619998015463, 0.07645379996392876, 0.08945500000845641, 0.08484639995731413, 0.07913890003692359, 0.09032620000652969]",False,0,0.0
gmm_heuristic,Benchmark Obstacle Detour,9,0.05,True,True,True,True,True,False,0.0,0.0,0.0,0.0,1.2303003179443737,7.500924689630877,8.2316442672772,0.0007856445865455502,0.2807708775749077,0.27760990004753694,0.4472726199775934,0.7164409999968484,16.284710899344645,1.0,17.95684490003623,17.83884929935448,2.9000000000000004,58,3,11,"[0.19964709994383156, 0.20899099996313453, 0.40067689993884414, 0.2170300999423489, 0.1899185999063775, 0.33939650002866983, 0.2226386999245733, 0.19472820009104908, 0.34157540008891374, 0.18813100003171712, 0.19874550006352365, 0.2934782999800518, 0.19168940000236034, 0.2138953999383375, 0.27754660008940846, 0.3592361999908462, 0.3284152999985963, 0.21683399996254593, 0.41692109999712557, 0.09557040000800043, 0.10211239999625832, 0.2803376999218017, 0.0914499000646174, 0.33227350004017353, 0.10152499994728714, 0.23067930003162473, 0.2198227000189945, 0.47528929996769875, 0.4119829999981448, 0.32389900006819516, 0.23733719997107983, 0.18519979994744062, 0.3664526999928057, 0.3469504000386223, 0.35289999993983656, 0.23491140000987798, 0.11188410001341254, 0.44232849997933954, 0.3180430999491364, 0.20181589992716908, 0.40456860000267625, 0.361589299980551, 0.7164409999968484, 0.374447499983944, 0.33647669991478324, 0.33338609989732504, 0.5240659000119194, 0.37945530004799366, 0.17283860000316054, 0.3484669999452308, 0.37307730002794415, 0.213144899928011, 0.20163630007300526, 0.2776732000056654, 0.10334469994995743, 0.216674399911426, 0.10680369997862726, 0.378359799971804]",True,18,1.5541384000098333
heuristic,Benchmark Obstacle Detour,9,0.05,False,False,False,False,False,False,0.48900840325256634,0.0007347729521922711,0.08230796048956046,0.2294416519634324,2.8315156401019705,10.562170456576448,28.226253812595257,0.0006964386458416377,0.4506649580015801,0.4347644499503076,0.7888027599838097,0.9229148000013083,45.06649580015801,1.0,45.30860029999167,45.06649580015801,5.0,100,1,2,"[0.40251349995378405, 0.5252668000757694, 0.6734042000025511, 0.41961510002147406, 0.338439799961634, 0.7566522000124678, 0.4564622000325471, 0.6504319000523537, 0.3842651000013575, 0.41298140003345907, 0.31252819998189807, 0.30967780004721135, 0.4079709000652656, 0.3419864000752568, 0.6527671000221744, 0.29544869996607304, 0.3345030000200495, 0.7879588999785483, 0.21041339996736497, 0.11747199995443225, 0.21288829995319247, 0.6522568999789655, 0.7314357999712229, 0.2950353000778705, 0.3784064999781549, 0.32194180006626993, 0.6857581000076607, 0.47960540000349283, 0.44061189994681627, 0.45261189993470907, 0.24254539993125945, 0.2933277999982238, 0.44224319991189986, 0.38449369999580085, 0.33991830004379153, 0.7856354999821633, 0.4512387999566272, 0.3635402999352664, 0.22742839995771646, 0.4294990999624133, 0.34465670003555715, 0.30497180006932467, 0.5471485999878496, 0.2815285000251606, 0.5027099000290036, 0.5606697000330314, 0.7787742998916656, 0.3366958999540657, 0.7056661000242457, 0.44496920006349683, 0.3399850999703631, 0.8048361000837758, 0.46970180002972484, 0.7016408001072705, 0.1990952999331057, 0.42994619999080896, 0.31167620001360774, 0.36529250000603497, 0.4937676000408828, 0.2215363000286743, 0.20390259998384863, 0.19215859996620566, 0.7476845000637695, 0.32827820000238717, 0.4513126000529155, 0.19875090010464191, 0.6305675000185147, 0.09181160002481192, 0.3763985999394208, 0.5155312999850139, 0.4147355000022799, 0.31887810002081096, 0.5804660000139847, 0.42297459999099374, 0.26955949992407113, 0.5289428000105545, 0.5107135999714956, 0.5720118000172079, 0.43958269990980625, 0.19127489998936653, 0.4415429000509903, 0.3528681999305263, 0.7659126999787986, 0.8226299999514595, 0.8173112999647856, 0.5360323999775574, 0.8722152999835089, 0.48113570001441985, 0.9229148000013083, 0.22575199999846518, 0.19036790006794035, 0.34940059995278716, 0.47701589995995164, 0.2081402000039816, 0.49806779995560646, 0.4797868001041934, 0.6193364000646397, 0.47114749997854233, 0.4447683000471443, 0.5581636000424623]",False,0,0.0
uniform,Benchmark Obstacle Detour,9,0.05,False,False,False,False,False,False,0.5045254898179591,0.007953890566370435,0.2274647904804276,0.2029123687498699,2.674674463531257,15.916804590123936,40.56322973306631,0.0048014348283715175,0.10620547800092027,0.10203930002171546,0.1444520049262792,0.1766912000020966,10.620547800092027,1.0,10.702944800024852,10.620547800092027,5.0,100,0,0,"[0.0781331000616774, 0.0796550998929888, 0.0769655000185594, 0.08669470006134361, 0.08729739999398589, 0.08444250002503395, 0.08523079997394234, 0.09403210005257279, 0.09817540005315095, 0.08450749993789941, 0.09336329996585846, 0.08579639997333288, 0.08265790005680174, 0.07557850005105138, 0.09266460000071675, 0.10029829991981387, 0.0933021999662742, 0.08180489996448159, 0.09055319998878986, 0.10907060001045465, 0.10083429992664605, 0.10639669990632683, 0.09953690005932003, 0.08633029996417463, 0.10778039996512234, 0.11884240002837032, 0.11993789998814464, 0.10934500000439584, 0.11034800007473677, 0.1428484000498429, 0.11722839996218681, 0.1766912000020966, 0.1287057000445202, 0.08321510010864586, 0.10199700004886836, 0.12262929999269545, 0.1273881000233814, 0.12453599995933473, 0.14084930007811636, 0.1409888999769464, 0.11038109997753054, 0.12536439998075366, 0.09667080000508577, 0.1385953000281006, 0.10142800002358854, 0.10959999996703118, 0.10679629992228001, 0.0920300999423489, 0.09711080009583384, 0.09753729996737093, 0.10665020009037107, 0.14937499992083758, 0.10864210000727326, 0.11135070002637804, 0.09688109997659922, 0.0993585999822244, 0.09091890009585768, 0.09728489990811795, 0.0967971000354737, 0.07449489994905889, 0.0814920999109745, 0.10466239997185767, 0.10722030000761151, 0.11669789999723434, 0.11179630004335195, 0.10189239995088428, 0.12472329998854548, 0.13886230008210987, 0.12341450003441423, 0.14532990008592606, 0.12996809999458492, 0.103503999998793, 0.09167849994264543, 0.10913700005039573, 0.15613120002672076, 0.1356223999755457, 0.10067650000564754, 0.10774180002044886, 0.12626310007181019, 0.11976409994531423, 0.10921779996715486, 0.10824950004462153, 0.08665880002081394, 0.0896976999938488, 0.09613860002718866, 0.08898970007430762, 0.08894409995991737, 0.10487240005750209, 0.09702129999641329, 0.10507799999322742, 0.08811819995753467, 0.07499990006908774, 0.08502899995073676, 0.09780400001909584, 0.1255573999369517, 0.10208159999456257, 0.0886227999581024, 0.117417800007388, 0.15114440000616014, 0.14440579991787672]",False,0,0.0
gmm_heuristic,Benchmark Multi-Axis Motion,9,0.05,True,True,True,True,True,False,0.0,0.0,0.0,0.0,0.5166380554375446,3.7496295782667923,6.701798887860491,0.02680004681646915,0.16700789999699087,0.15370640001492575,0.23961752495379188,0.29384079994633794,4.676221199915744,1.0,5.548550300067291,5.529522399883717,1.4000000000000001,28,0,8,"[0.12039959989488125, 0.15533660002984107, 0.10454710002522916, 0.237296300008893, 0.17469779995735735, 0.12381820008158684, 0.13245949998963624, 0.15207620000001043, 0.14693279995117337, 0.08581710001453757, 0.23984239995479584, 0.19889330002479255, 0.1392860000487417, 0.14481129997875541, 0.13192690000869334, 0.19526519998908043, 0.29384079994633794, 0.18857730005402118, 0.22279029991477728, 0.20008310000412166, 0.12991409993264824, 0.08084489998873323, 0.23919989995192736, 0.13810589991044253, 0.1446468000067398, 0.18358290009200573, 0.18838630011305213, 0.18284260004293174]",True,48,0.8533011999679729
heuristic,Benchmark Multi-Axis Motion,9,0.05,True,True,True,True,True,False,0.0,0.0,0.0,0.0,0.5168725526642478,3.7491377379783244,6.699833659434995,0.02680004681646915,0.21622819999382564,0.20322974998271093,0.34781960996915584,0.37674669991247356,6.054389599827118,1.0,6.074315799982287,6.054389599827118,1.4000000000000001,28,0,8,"[0.2848469000309706, 0.2473446000367403, 0.24625620001461357, 0.1910803000209853, 0.29980630008503795, 0.13674829993396997, 0.14141179993748665, 0.1937358999857679, 0.20363399991765618, 0.3459090000251308, 0.27884209994226694, 0.2643618999281898, 0.21744870010297745, 0.15371690003667027, 0.1909786999458447, 0.1711326000513509, 0.16784540005028248, 0.37674669991247356, 0.20282550004776567, 0.19624670001212507, 0.1311922000022605, 0.20838500000536442, 0.1540082999272272, 0.2787919999100268, 0.3488483999390155, 0.28776810003910214, 0.07205419999081641, 0.06242289999499917]",False,0,0.0
uniform,Benchmark Multi-Axis Motion,9,0.05,False,False,False,False,False,False,0.40359888360852064,0.0028607545793203,0.10643848730290062,0.1705310895017912,2.7779839244866595,3.6316561771942464,17.164886700149168,0.02680004681646915,0.026337747998768465,0.02559050003765151,0.03210929001215845,0.035843399935401976,2.6337747998768464,0.0,2.6581205000402406,2.6337747998768464,5.0,100,0,0,"[0.02720660006161779, 0.035843399935401976, 0.034791799960657954, 0.03020979999564588, 0.027564799995161593, 0.03027390001807362, 0.035428900038823485, 0.027438799967058003, 0.03243210003711283, 0.032092300010845065, 0.03035489993635565, 0.02945699996780604, 0.027729100082069635, 0.027466199942864478, 0.02657430002000183, 0.02656339993700385, 0.026374899898655713, 0.02624670008663088, 0.02478709991555661, 0.026016299962066114, 0.028878399985842407, 0.033390299999155104, 0.02705730008892715, 0.026761300046928227, 0.02615159994456917, 0.023653300013393164, 0.02450460009276867, 0.024974599946290255, 0.025469399988651276, 0.024919599993154407, 0.023879599990323186, 0.02454880008008331, 0.024418399902060628, 0.023736299946904182, 0.024039999931119382, 0.025016500032506883, 0.022444000001996756, 0.026870999950915575, 0.02342860004864633, 0.023389299982227385, 0.023055800003930926, 0.024752700002864003, 0.02463599992915988, 0.023906099959276617, 0.025155099923722446, 0.025733300019055605, 0.02415040007326752, 0.029568700003437698, 0.031219500000588596, 0.027700999984517694, 0.02529580006375909, 0.024790799943730235, 0.025113499956205487, 0.025487800012342632, 0.02465079992543906, 0.024122499977238476, 0.024123099981807172, 0.024725900031626225, 0.025047500035725534, 0.024903399986214936, 0.023939999984577298, 0.0246480000205338, 0.023836400010623038, 0.024635100038722157, 0.024008800042793155, 0.023672400042414665, 0.024693200015462935, 0.024741100030951202, 0.024484499939717352, 0.024751199991442263, 0.024998200009576976, 0.025235800072550774, 0.025493300054222345, 0.024911199929192662, 0.025882399990223348, 0.026283100014552474, 0.02792980009689927, 0.025979700032621622, 0.0265085999853909, 0.028854700038209558, 0.02843780000694096, 0.027302299975417554, 0.029161800048314035, 0.028113999986089766, 0.027124100015498698, 0.025059200008399785, 0.02788550010882318, 0.025687700021080673, 0.026189399999566376, 0.026940400013700128, 0.026335999951697886, 0.02600660000462085, 0.023725299979560077, 0.0250569999916479, 0.026383799966424704, 0.02600349998101592, 0.02385219989810139, 0.0277890000725165, 0.025903199915774167, 0.02480360004119575]",False,0,0.0
gmm_heuristic,Benchmark Point-to-Point,10,0.05,True,True,True,True,True,False,0.0,0.0,0.0,0.0,0.29509052156449933,0.48389236601066415,1.6459914284039525,0.04287682265918312,0.05285168499103747,0.05142274993704632,0.08105529002496044,0.10935939999762923,1.0570336998207495,0.55,1.3828539999667555,1.378394599771127,1.0,20,0,8,"[0.10935939999762923, 0.05789509997703135, 0.04111880005802959, 0.05775549996178597, 0.04209489992354065, 0.043100500013679266, 0.05773210001643747, 0.06821960001252592, 0.07057209999766201, 0.04109369998332113, 0.03834139998070896, 0.05256099998950958, 0.024621699936687946, 0.0518690999597311, 0.0377426000777632, 0.050976399914361537, 0.02466280001681298, 0.06927929993253201, 0.0795656000263989, 0.038472100044600666]",True,48,0.32136089995037764
heuristic,Benchmark Point-to-Point,10,0.05,True,True,True,True,True,False,0.0,0.0,0.0,0.0,0.29509052156449933,0.48389236601066415,1.6459914284039525,0.04287682265918312,0.06615279999678023,0.06505134992767125,0.09089563494198956,0.09172850009053946,1.3230559999356046,0.85,1.3274576999247074,1.3230559999356046,1.0,20,0,8,"[0.054991899989545345, 0.06449439993593842, 0.03510670003015548, 0.05091500002890825, 0.06297989992890507, 0.04872880002949387, 0.07472859998233616, 0.09034200001042336, 0.05175059998873621, 0.08039799996186048, 0.07694310008082539, 0.060302300029434264, 0.07625509996432811, 0.09172850009053946, 0.09085179993417114, 0.032950000022538006, 0.06303560000378639, 0.06560829991940409, 0.08117479993961751, 0.06977060006465763]",False,0,0.0
uniform,Benchmark Point-to-Point,10,0.05,False,False,True,False,False,False,0.18139155045181388,0.0015812553307692281,0.06431626240299602,0.04803756896861516,2.79139170670337,2.815907514342142,6.667954479591431,0.03805080019995505,0.02320921598933637,0.023084649932570755,0.025740285025676712,0.02759459998924285,2.320921598933637,0.0,2.34116539999377,2.320921598933637,5.0,100,0,0,"[0.024099100031889975, 0.02665560005698353, 0.02759459998924285, 0.025559599976986647, 0.02585400000680238, 0.024296100018545985, 0.02460070000961423, 0.026200200081802905, 0.024273299961350858, 0.02299010008573532, 0.023506300058215857, 0.02400909992866218, 0.025162299978546798, 0.0257343000266701, 0.02417939994484186, 0.021686899941414595, 0.0216507000150159, 0.02094990003388375, 0.023276899941265583, 0.022998000029474497, 0.02299129997845739, 0.02325949992518872, 0.022934100008569658, 0.022545000072568655, 0.025225099991075695, 0.025937599944882095, 0.02404960000421852, 0.020447999937459826, 0.022692999918945134, 0.0207052999176085, 0.021644399967044592, 0.020751599920913577, 0.022070999955758452, 0.021573400008492172, 0.021260099951177835, 0.02247279998846352, 0.022191999945789576, 0.023018999956548214, 0.02389529999345541, 0.023075399920344353, 0.023673599935136735, 0.02334819990210235, 0.022075100103393197, 0.0225382000207901, 0.022787999943830073, 0.022426299983635545, 0.02017639996483922, 0.02305239997804165, 0.023100199992768466, 0.023656999925151467, 0.02425090002361685, 0.02326549997087568, 0.022402399918064475, 0.023977400036528707, 0.02237649995367974, 0.023401399957947433, 0.021140599972568452, 0.02286979998461902, 0.022781800013035536, 0.02317359996959567, 0.024970400030724704, 0.024032699991948903, 0.023937899968586862, 0.02329949999693781, 0.02381980000063777, 0.022779199993237853, 0.023303800029680133, 0.02314399997703731, 0.022352200001478195, 0.02293360000476241, 0.024819500045850873, 0.023668000008910894, 0.022192600066773593, 0.022358400048688054, 0.02217070001643151, 0.021799599984660745, 0.021391000016592443, 0.022998700034804642, 0.02313099999446422, 0.023039399995468557, 0.022948199999518692, 0.023096400080248713, 0.02301489992532879, 0.022958199959248304, 0.024070499930530787, 0.02469270001165569, 0.02231859997846186, 0.02325680002104491, 0.023943399894051254, 0.023093899944797158, 0.023341100080870092, 0.023677099961787462, 0.02219170005992055, 0.023478399962186813, 0.02241850004065782, 0.022848299937322736, 0.02299450000282377, 0.0225928999716416, 0.023832499980926514, 0.023515100008808076]",False,0,0.0
gmm_heuristic,Benchmark Obstacle Detour,10,0.05,True,True,True,True,True,False,0.0,0.0,0.0,0.0,1.0246858805869183,6.503372218157194,6.121506618128153,0.0012350680227862926,0.08840585957489352,0.08795169997029006,0.15344263000879435,0.19207200000528246,4.155075400019996,0.8297872340425532,4.60340120003093,4.576342900050804,2.35,47,0,7,"[0.1550917000276968, 0.029964599991217256, 0.059203799930401146, 0.029515299946069717, 0.1201106000225991, 0.09323220001533628, 0.08795169997029006, 0.14755829994101077, 0.08745389990508556, 0.07175480003934354, 0.08173919992987067, 0.10968300001695752, 0.06296470004599541, 0.09604440000839531, 0.10331360006239265, 0.08600590005517006, 0.028339399956166744, 0.026390700018964708, 0.11168780003208667, 0.08527200005482882, 0.09072550002019852, 0.12413730006664991, 0.12335519993212074, 0.16617580002639443, 0.1016795999603346, 0.09413770004175603, 0.08235689997673035, 0.06555070006288588, 0.0533292000181973, 0.1287097999593243, 0.10344750003423542, 0.10508319991640747, 0.14443159999791533, 0.06695449992548674, 0.12583639996591955, 0.030384899931959808, 0.19207200000528246, 0.03324130002874881, 0.08992850000504404, 0.06648410006891936, 0.028431900078430772, 0.07174080004915595, 0.10000590002164245, 0.026200999971479177, 0.06268159998580813, 0.14959479996468872, 0.05512010003440082]",True,19,0.42126750003080815
heuristic,Benchmark Obstacle Detour,10,0.05,False,False,False,False,False,False,0.21978264034396192,0.0,0.06747234912876547,0.06627439142996025,2.6592233900210513,9.70558529752818,19.960739079877243,0.0007023489570481684,0.13995516100781968,0.1302487500361167,0.22429310500156133,0.8133144000312313,13.99551610078197,0.94,14.07475680008065,13.99551610078197,5.0,100,4,4,"[0.07132870005443692, 0.1087979000294581, 0.15702659997623414, 0.12435170006938279, 0.1168258999241516, 0.11956959997769445, 0.15462839999236166, 0.17151390004437417, 0.2005005000391975, 0.1538129000691697, 0.09152909996919334, 0.15578969998750836, 0.14114289998542517, 0.14372630009893328, 0.11217690003104508, 0.05355979991145432, 0.05171789997257292, 0.03071069996803999, 0.1168098000343889, 0.12101690005511045, 0.1728966999799013, 0.09159239998552948, 0.1073818999575451, 0.12216380005702376, 0.11766300001181662, 0.15735670004505664, 0.11823590006679296, 0.15233380009885877, 0.13846710009966046, 0.11265600007027388, 0.08495000004768372, 0.14918279997073114, 0.1056528000626713, 0.10607450001407415, 0.14518149988725781, 0.14711489994078875, 0.22225130000151694, 0.1194332999875769, 0.05193630000576377, 0.08797800005413592, 0.15088830003514886, 0.17220139992423356, 0.08351690007839352, 0.08966649998910725, 0.13323239993769675, 0.027434100047685206, 0.08205389999784529, 0.13066130003426224, 0.1676875000121072, 0.14557429996784776, 0.1381052000215277, 0.02682890009600669, 0.10924669995438308, 0.1454631999367848, 0.13037030003033578, 0.23302100005093962, 0.10144220001529902, 0.1615860000019893, 0.11860329995397478, 0.17349640000611544, 0.06009140005335212, 0.16826489998493344, 0.16542679991107434, 0.14500449993647635, 0.06236960005480796, 0.15430640010163188, 0.13658719998784363, 0.1301272000418976, 0.09215529996436089, 0.12275199999567121, 0.10429160005878657, 0.13309539994224906, 0.1338424999266863, 0.19468369998503476, 0.1349665999878198, 0.14083690010011196, 0.02875769999809563, 0.16050939995329827, 0.12576630001422018, 0.08959910005796701, 0.1600536999758333, 0.0705310000339523, 0.09190959995612502, 0.052704300032928586, 0.028404899989254773, 0.18288710003253073, 0.15292539994698018, 0.2241622000001371, 0.18010430003050715, 0.06164700002409518, 0.09576459997333586, 0.1697273999452591, 0.031584300100803375, 0.06423710007220507, 0.18042140000034124, 0.12505709996912628, 0.22678030002862215, 0.7958059000084177, 0.8133144000312313, 0.3759409999474883]",False,0,0.0
uniform,Benchmark Obstacle Detour,10,0.05,False,False,False,False,False,False,0.24800433931309504,0.005617936423619407,0.16015611485524392,0.03727386746315391,2.7939995884185196,8.623676793120893,17.548341074131372,0.002676453096312592,0.12982058299705387,0.12029439996695146,0.2003573950380087,0.2543306000297889,12.982058299705386,1.0,13.097575699910522,12.982058299705386,5.0,100,0,0,"[0.09255220007617027, 0.10922099999152124, 0.10041320009622723, 0.08893709990661591, 0.12027479999233037, 0.11359830002766103, 0.12031399994157255, 0.1088412000099197, 0.10480929992627352, 0.06449560006149113, 0.11289800005033612, 0.11118460004217923, 0.09987659996841103, 0.10539700009394437, 0.09215069992933422, 0.09757560002617538, 0.12880579999182373, 0.17075060005299747, 0.09538210008759052, 0.12266930006444454, 0.1304790999274701, 0.1771615999750793, 0.17025109997484833, 0.17957170004956424, 0.1352630000328645, 0.1592121000867337, 0.15242309996392578, 0.12955730000976473, 0.1076117999618873, 0.08279339992441237, 0.10805280006024987, 0.1250729999737814, 0.11475139996036887, 0.1116207999875769, 0.10305409994907677, 0.20522880007047206, 0.16395349998492748, 0.15101160004269332, 0.20111539994832128, 0.16603659989777952, 0.16048860002774745, 0.18213600001763552, 0.1603579999646172, 0.1545928999548778, 0.18337360001169145, 0.16185219993349165, 0.11969050008337945, 0.16849110007751733, 0.1800709000090137, 0.15099539991933852, 0.2543306000297889, 0.20031750004272908, 0.13567700004205108, 0.17417919996660203, 0.12274489994160831, 0.10976649995427579, 0.12293909990694374, 0.13823659997433424, 0.10508199990727007, 0.08754350000526756, 0.13330390001647174, 0.22155739995650947, 0.1354483999311924, 0.09416280000004917, 0.0890522999688983, 0.0983974999981001, 0.09911069995723665, 0.10764719999860972, 0.11794459994416684, 0.11508739995770156, 0.11162390001118183, 0.18633449997287244, 0.14193420007359236, 0.10811169992666692, 0.10783190000802279, 0.09326699993107468, 0.09244969999417663, 0.13987499999348074, 0.13085219997446984, 0.12169480009470135, 0.11251959996297956, 0.10880020004697144, 0.1577446999726817, 0.22986320010386407, 0.15437639993615448, 0.1215117999818176, 0.09972810000181198, 0.12172100006137043, 0.11115759995300323, 0.11744289996568114, 0.08718019991647452, 0.09615990007296205, 0.12446109997108579, 0.12795979995280504, 0.13949630002025515, 0.11615420004818588, 0.10419099999126047, 0.11111180006992072, 0.07636490010190755, 0.11119119997601956]",False,0,0.0
gmm_heuristic,Benchmark Multi-Axis Motion,10,0.05,True,True,True,True,True,False,0.0,0.0,0.0,0.0,0.5166380554375446,3.7492394738749844,6.701798887860491,0.02680004681646915,0.17675470357893833,0.176557450031396,0.2536785600357689,0.2704684999771416,4.949131700210273,1.0,5.974198400042951,5.955749700195156,1.4000000000000001,28,0,8,"[0.21322689997032285, 0.17658039997331798, 0.14330150000751019, 0.19142449996434152, 0.1472716999705881, 0.15060579997953027, 0.20530409994535148, 0.24590820004232228, 0.21883729996625334, 0.1407747999764979, 0.1492757999803871, 0.19872300000861287, 0.08592119999229908, 0.17653450008947402, 0.14839159999974072, 0.20633399998769164, 0.08049860002938658, 0.25786260003224015, 0.2704684999771416, 0.14549230004195124, 0.14666270010638982, 0.1782007000874728, 0.15304010000545532, 0.14796840003691614, 0.18325180001556873, 0.21058170008473098, 0.15066819998901337, 0.2260207999497652]",True,48,1.0066179999848828
heuristic,Benchmark Multi-Axis Motion,10,0.05,True,True,True,True,True,False,0.0,0.0,0.0,0.0,0.5165044752880763,3.74947531968694,6.701826708631616,0.02680004681646915,0.2645726428724759,0.24994075001450256,0.4239001800422556,0.47375130001455545,7.408034000429325,1.0,7.42826099996455,7.408034000429325,1.4000000000000001,28,0,8,"[0.2433242000406608, 0.14627409994136542, 0.2281057999935001, 0.2579791001044214, 0.14394229999743402, 0.2565572999883443, 0.397314399946481, 0.23661190003622323, 0.2635698999511078, 0.19639050005935133, 0.31471760000567883, 0.18677250004839152, 0.17298280005343258, 0.22659490001387894, 0.39124200004152954, 0.29203610005788505, 0.20814420003443956, 0.23611270007677376, 0.23011649993713945, 0.2665007999166846, 0.27425740007311106, 0.2159134999383241, 0.29201960004866123, 0.17546659999061376, 0.28496720001567155, 0.35815320000983775, 0.43821560009382665, 0.47375130001455545]",False,0,0.0
uniform,Benchmark Multi-Axis Motion,10,0.05,False,False,True,False,False,False,0.24859209196697638,0.0013549018189621329,0.08559866068880177,0.07226648861768181,2.725342546459848,4.67764803722697,14.906308250843747,0.017504166052408093,0.0901902179978788,0.08988985000178218,0.10582822007127106,0.12110780004877597,9.019021799787879,1.0,9.091705300030299,9.019021799787879,5.0,100,0,0,"[0.0890713999979198, 0.10913959995377809, 0.08995249995496124, 0.0752720000455156, 0.09547489997930825, 0.09126769995782524, 0.09915380005259067, 0.08772069995757192, 0.0935083000222221, 0.09010349994059652, 0.08977570000570267, 0.09838699991814792, 0.08522530004847795, 0.07616139994934201, 0.08538229996338487, 0.09725109999999404, 0.09333970001898706, 0.08465560001786798, 0.09945790003985167, 0.08846610004547983, 0.09473290003370494, 0.1027724000159651, 0.12110780004877597, 0.07522110000718385, 0.10257190000265837, 0.07713049999438226, 0.08288629993330687, 0.09509159997105598, 0.07896150008309633, 0.09231179999187589, 0.09311160002835095, 0.07672620005905628, 0.08089959993958473, 0.0835471999598667, 0.09435260004829615, 0.1020761999534443, 0.0884630000218749, 0.11019209993537515, 0.1026416999520734, 0.07537720003165305, 0.09499349992256612, 0.08740700001362711, 0.08440159994643182, 0.09203729999717325, 0.08698189991991967, 0.10204729996621609, 0.0859578000381589, 0.08987340005114675, 0.09091899998020381, 0.08309289999306202, 0.07682660000864416, 0.09752140007913113, 0.08089579991064966, 0.08465590002015233, 0.08757949993014336, 0.09001420007552952, 0.09446890000253916, 0.09415329992771149, 0.08784169994760305, 0.10150390001945198, 0.07670309999957681, 0.08807609998621047, 0.09195229993201792, 0.09640140004921705, 0.08023040008265525, 0.08854290004819632, 0.09475240006577224, 0.09420599997974932, 0.10593880002852529, 0.10582240007352084, 0.07759130001068115, 0.08990629995241761, 0.10323909996077418, 0.10469140007626265, 0.08333399996627122, 0.07794729992747307, 0.08147269999608397, 0.08347860001958907, 0.1049531000899151, 0.09806190000381321, 0.08220209996215999, 0.07211459998507053, 0.08407059998717159, 0.07947580004110932, 0.0835250000236556, 0.08813489996828139, 0.09500159998424351, 0.08364389999769628, 0.08602599997539073, 0.09244259994011372, 0.10701000003609806, 0.09494380000978708, 0.08245470002293587, 0.051486399956047535, 0.0868443000363186, 0.08430869993753731, 0.10081500001251698, 0.1035359000088647, 0.09228370001073927, 0.09928610001225024]",False,0,0.0
gmm_heuristic,Benchmark Point-to-Point,11,0.05,True,True,True,True,True,False,0.0,0.0,0.0,0.0,0.29509052156449933,0.48389236601066415,1.6459914284039525,0.04287682265918312,0.19412002000026404,0.18621260003419593,0.2866261249524541,0.2886766999727115,3.882400400005281,1.0,4.853163499967195,4.838739700033329,1.0,20,0,8,"[0.1767968999920413, 0.2886766999727115, 0.21986339997965842, 0.28651819995138794, 0.271422200021334, 0.17290110001340508, 0.2606040999526158, 0.09509349998552352, 0.19562830007635057, 0.14200039999559522, 0.1713645999552682, 0.1282638000557199, 0.23656130000017583, 0.23806959995999932, 0.20636440010275692, 0.14000200002919883, 0.12695519998669624, 0.21225379989482462, 0.13715439999941736, 0.17590650008060038]",True,48,0.9563393000280485
heuristic,Benchmark Point-to-Point,11,0.05,True,True,True,True,True,False,0.0,0.0,0.0,0.0,0.29509052156449933,0.48389236601066415,1.6459914284039525,0.04287682265918312,0.2642654250084888,0.24662824999541044,0.4044931949872989,0.40688900009263307,5.285308500169776,1.0,5.300429300055839,5.285308500169776,1.0,20,0,8,"[0.18729649996384978, 0.24689459998626262, 0.32301190006546676, 0.17967700003646314, 0.23332560004200786, 0.25850989995524287, 0.24628099997062236, 0.24636190000455827, 0.2578728999942541, 0.404367099981755, 0.24834280007053167, 0.1896518999710679, 0.19720019993837923, 0.21278319996781647, 0.23338540003169328, 0.19473750004544854, 0.38433430006261915, 0.40688900009263307, 0.3569655999308452, 0.27742020005825907]",False,0,0.0
uniform,Benchmark Point-to-Point,11,0.05,False,False,True,False,False,False,0.06596217940058959,0.005768159011340104,0.1453837033191038,0.018016663424837428,2.7554911984208896,2.560851692935989,6.118061459604939,0.03543969774278803,0.08798508199979552,0.08775520004564896,0.10673801008379086,0.11921769997570664,8.798508199979551,1.0,8.87163429998327,8.798508199979551,5.0,100,0,0,"[0.10272840003017336, 0.09539909998420626, 0.11518660001456738, 0.08128240006044507, 0.117818099912256, 0.08089089998975396, 0.09001609997358173, 0.1008164999075234, 0.11921769997570664, 0.08812490000855178, 0.1121854999801144, 0.1043420999776572, 0.08346889994572848, 0.09478119993582368, 0.10179750004317611, 0.08838440000545233, 0.08478539995849133, 0.07694550009910017, 0.09090159996412694, 0.09540869994089007, 0.0783235999988392, 0.09504579997155815, 0.08745660004206002, 0.08674830000381917, 0.09036430006381124, 0.08790689997840673, 0.08296380005776882, 0.07190879993140697, 0.056790600065141916, 0.07056229992303997, 0.0811526000034064, 0.08799199992790818, 0.08657100005075336, 0.07313659996725619, 0.0889037000015378, 0.0966539999935776, 0.08338510000612587, 0.08974990004207939, 0.07738699996843934, 0.09022900008130819, 0.09405600000172853, 0.08786130009684712, 0.0967391999438405, 0.08560590003617108, 0.09148880001157522, 0.08571429993025959, 0.09371279994957149, 0.0794105000095442, 0.07012369995936751, 0.10024509998038411, 0.08271849993616343, 0.08657490008044988, 0.08882730000186712, 0.08336469996720552, 0.0974796999944374, 0.08906959998421371, 0.08640770008787513, 0.07616840000264347, 0.0669291999656707, 0.07790410006418824, 0.08164640003815293, 0.0937617999734357, 0.08581419999245554, 0.07066249998752028, 0.09035820001736283, 0.07496050000190735, 0.09494939993601292, 0.0901387999765575, 0.09876780002377927, 0.09511100000236183, 0.08211640000808984, 0.0787903000600636, 0.09029730001930147, 0.0887475999770686, 0.0825053999433294, 0.07354450004640967, 0.08764909999445081, 0.09422640001866966, 0.07988340000156313, 0.07081160007510334, 0.07466709997970611, 0.07860770006664097, 0.08523110009264201, 0.11920559999998659, 0.10645130008924752, 0.07672509993426502, 0.07838400010950863, 0.08071849995758384, 0.08311719994526356, 0.08236560004297644, 0.09519689995795488, 0.09851729997899383, 0.10185750003438443, 0.08411719999276102, 0.08310859999619424, 0.10348600009456277, 0.09315879992209375, 0.10617759998422116, 0.09154129994567484, 0.06301609997171909]",False,0,0.0
gmm_heuristic,Benchmark Obstacle Detour,11,0.05,False,False,False,False,False,False,0.5033784641539286,0.002511345163250675,0.10859340279556576,0.23254881843914804,2.4511272566711826,10.749768478357286,28.47328051877979,0.0010334372903899186,0.281280246010283,0.2499286500387825,0.5102238850609865,0.9311731000198051,28.1280246010283,1.0,29.914801399922,29.667467301012948,5.0,100,15,12,"[0.33873360010329634, 0.22052529989741743, 0.18833539995830506, 0.08122389996424317, 0.3375609000213444, 0.2058000999968499, 0.26779429998714477, 0.3210296999895945, 0.2014931000303477, 0.3526791000040248, 0.22956189990509301, 0.13961790001485497, 0.09769770002458245, 0.32693310000468045, 0.43074179999530315, 0.606499099987559, 0.5262443999527022, 0.22489810001570731, 0.5538779000053182, 0.39538840006571263, 0.2475885000312701, 0.13039629999548197, 0.3411052000010386, 0.445254800026305, 0.11903319996781647, 0.35023199999704957, 0.2733643000246957, 0.22513659996911883, 0.22807449998799711, 0.467688100063242, 0.09052650001831353, 0.24493700009770691, 0.2553832000121474, 0.32294700003694743, 0.0868166999425739, 0.3286342000355944, 0.438978600082919, 0.08686759998090565, 0.4093605000525713, 0.2420578000601381, 0.23508730006869882, 0.4881858000298962, 0.23317329993005842, 0.24479000002611428, 0.48434030008502305, 0.5093807000666857, 0.1830329999793321, 0.24452649999875575, 0.2268544000107795, 0.2620325000025332, 0.21440109994728118, 0.2741938999388367, 0.11188079998828471, 0.3354390000458807, 0.25122119998559356, 0.37709950003772974, 0.08588480006437749, 0.24609799997415394, 0.529388300026767, 0.397344300057739, 0.27275599993299693, 0.08635979995597154, 0.2014357999432832, 0.10369849996641278, 0.28396649996284395, 0.35231390001717955, 0.9311731000198051, 0.2810659999959171, 0.2579751000739634, 0.23326800006907433, 0.21905109996441752, 0.47074140002951026, 0.5023120000259951, 0.3578925000037998, 0.08831799996551126, 0.10396540001966059, 0.23540150001645088, 0.2505034999921918, 0.08932300005108118, 0.3305236999876797, 0.24770470010116696, 0.33392719994299114, 0.3820423000724986, 0.2941617000615224, 0.12638509995304048, 0.3417955000186339, 0.30366189999040216, 0.19452000001911074, 0.271697900025174, 0.24935380008537322, 0.1269496000604704, 0.2302808000240475, 0.4717024000128731, 0.0971802999265492, 0.3807183000026271, 0.23523439990822226, 0.2113430000608787, 0.22103430004790425, 0.22967390005942434, 0.21123970008920878]",True,15,1.5394426999846473
heuristic,Benchmark Obstacle Detour,11,0.05,False,False,False,False,False,False,0.40442748012751933,0.0,0.06436663258449397,0.19206510049934536,2.7811023835791326,10.594762760673976,24.82657820183323,0.0005765560454791402,0.5143271769979038,0.5042729500564747,0.8331351099885068,1.4247125999536365,51.43271769979037,1.0,51.743698699981906,51.43271769979037,5.0,100,3,3,"[0.2927639000117779, 0.4172584000043571, 0.29988279996905476, 0.46371839998755604, 0.6632689000107348, 0.43153379997238517, 0.624483099905774, 0.581866699969396, 0.366112400079146, 0.4395625999895856, 0.36782909999601543, 0.5252866999944672, 0.5002972000511363, 0.2464011999545619, 0.493801899952814, 0.2434028999414295, 0.5172347000334412, 0.46471099997870624, 0.6405135000823066, 0.22967889998108149, 1.0468705999664962, 0.347648199996911, 0.2748282999964431, 0.602858200087212, 0.7167546999407932, 0.3404957000166178, 0.3636519000865519, 0.7339390999404714, 0.5047068001003936, 0.4716088999994099, 0.5185353000415489, 0.6249590999213979, 0.6555711999535561, 0.5430355999851599, 0.5132167000556365, 0.4935280999634415, 0.45056829997338355, 0.30756699992343783, 0.38161089993081987, 0.642715800087899, 0.8323128999909386, 0.3250068000052124, 0.7384288000175729, 0.7118201999692246, 0.5557296999031678, 0.5787177999736741, 0.41516110009979457, 0.7287670000223443, 0.5815825000172481, 0.38335840008221567, 0.773708299966529, 0.20680119993630797, 0.43461580004077405, 0.2745808999752626, 0.6029676999896765, 0.44659840001259, 0.336120399995707, 0.5242432999657467, 0.389401699998416, 0.5465874000219628, 0.4571657000342384, 0.8608801999362186, 0.44929769996088, 0.5038391000125557, 0.6425619999645278, 0.6954000000841916, 0.30299670004751533, 0.4415560000343248, 0.4863796998979524, 0.29914309992454946, 0.49317859997972846, 0.6248384000500664, 0.26556149998214096, 0.7106834000442177, 0.5238569000503048, 0.11501170007977635, 0.7640498999971896, 0.28520669997669756, 0.489959399914369, 0.6089244000613689, 0.12925630004610866, 0.4972307999851182, 0.7974920000415295, 0.6555223999312147, 0.8792461999692023, 0.6544194000307471, 0.5753021000418812, 0.10641719994600862, 0.5642825999530032, 0.22902710002381355, 0.616577300010249, 0.5562179000116885, 0.8487570999423042, 0.28824360005091876, 0.6399086000164971, 0.31086089997552335, 1.4247125999536365, 0.6670688999583945, 0.6369067000923678, 0.603988099959679]",False,0,0.0
uniform,Benchmark Obstacle Detour,11,0.05,False,False,False,False,False,False,0.25350902252084523,0.00982553478295601,0.25619641126998943,0.061176134973185234,2.782673723125787,10.068058242303579,19.752844856381294,0.0008649121975527613,0.1654904580069706,0.15436245000455528,0.2595762500364799,0.3053802999202162,16.54904580069706,1.0,16.72435769997537,16.54904580069706,5.0,100,0,0,"[0.09809800004586577, 0.1033570000436157, 0.12160750001203269, 0.06788180000148714, 0.11241310008335859, 0.08792850002646446, 0.09086220001336187, 0.11491589993238449, 0.10218759998679161, 0.10728300001937896, 0.09448760002851486, 0.10272850003093481, 0.10635849996469915, 0.09650550002697855, 0.1034511000616476, 0.10746689990628511, 0.11553900002036244, 0.12109189992770553, 0.11006229999475181, 0.14018220000434667, 0.13540110003668815, 0.10353880003094673, 0.14308240008540452, 0.12333120009861887, 0.13563500007148832, 0.1113065000390634, 0.11122880002949387, 0.2849968000082299, 0.24017580004874617, 0.16656879999209195, 0.20336000004317611, 0.1717349000973627, 0.16061349993105978, 0.189848400070332, 0.17260159994475543, 0.12036960001569241, 0.17786619998514652, 0.1877305000089109, 0.1416488999966532, 0.1563101999927312, 0.19059619994368404, 0.2336725000059232, 0.17831100011244416, 0.20247969997581095, 0.2594533000374213, 0.267188600031659, 0.21911349997390062, 0.19591290003154427, 0.21359259996097535, 0.24289589992258698, 0.26191230001859367, 0.25550420000217855, 0.2531343000009656, 0.2267046000342816, 0.24708070000633597, 0.19118510000407696, 0.2358904000138864, 0.2568003000924364, 0.1324667000444606, 0.16918149997945875, 0.19270799995865673, 0.2131765999365598, 0.2084673000499606, 0.20322329993359745, 0.15877460001502186, 0.21845110005233437, 0.230464999913238, 0.2501796999713406, 0.18752900010440499, 0.24708459991961718, 0.2630673999665305, 0.3053802999202162, 0.2421749000204727, 0.23400689999107271, 0.14514020003844053, 0.1711021000519395, 0.12331429996993393, 0.14852089993655682, 0.13685859995894134, 0.15805149998050183, 0.11386010004207492, 0.12467579997610301, 0.16669640003237873, 0.15524340001866221, 0.14204259996768087, 0.14301989995874465, 0.11589470005128533, 0.10741669998969883, 0.10703700000885874, 0.114984399988316, 0.11708400002680719, 0.12524870003107935, 0.15348149999044836, 0.12337659997865558, 0.147731100092642, 0.13572699995711446, 0.18417770008090883, 0.18021150003187358, 0.14049079990945756, 0.13813620002474636]",False,0,0.0
gmm_heuristic,Benchmark Multi-Axis Motion,11,0.05,True,True,True,True,True,False,0.0,0.0,0.0,0.0,0.5166380554375446,3.7495363271611017,6.701798887860491,0.02680004681646915,0.19877289999775322,0.20475645002443343,0.3104457250039559,0.3195595999713987,5.56564119993709,1.0,6.733702199999243,6.706520800013095,1.4000000000000001,28,0,8,"[0.23668049997650087, 0.16941440000664443, 0.2285696999169886, 0.09859249996952713, 0.22948039998300374, 0.25615999998990446, 0.31046549999155104, 0.20760910003446043, 0.18746430007740855, 0.09272910002619028, 0.08850299997720867, 0.2237131999572739, 0.31040900002699345, 0.17252749996259809, 0.17310579994227737, 0.2385028999997303, 0.15007360000163317, 0.2739236999768764, 0.20547010004520416, 0.1799468999961391, 0.22496440005488694, 0.14509350003208965, 0.1166030999738723, 0.2040428000036627, 0.11506970005575567, 0.163684600032866, 0.24328229995444417, 0.3195595999713987]",True,48,1.1408796000760049
heuristic,Benchmark Multi-Axis Motion,11,0.05,True,True,True,True,True,False,0.0,0.0,0.0,0.0,0.5166380554375446,3.7493348356939893,6.701798887860491,0.02680004681646915,0.2794876321443423,0.2926496500149369,0.4146615449513774,0.4279942000284791,7.825653700041585,1.0,7.849122300045565,7.825653700041585,1.4000000000000001,28,0,8,"[0.320949999964796, 0.16127489996142685, 0.2274990000296384, 0.4189606999279931, 0.22851709998212755, 0.3761530000483617, 0.21857489994727075, 0.3490246000001207, 0.3182665999047458, 0.2914817000273615, 0.40667739999480546, 0.4279942000284791, 0.3077951999148354, 0.20955309993587434, 0.3119315999792889, 0.25075360003393143, 0.3437211000127718, 0.15977490006480366, 0.28361439995933324, 0.36468650004826486, 0.14314400008879602, 0.29381760000251234, 0.2744338000193238, 0.1410185000859201, 0.3089328999631107, 0.33718550007324666, 0.07884980004746467, 0.2710670999949798]",False,0,0.0
uniform,Benchmark Multi-Axis Motion,11,0.05,False,False,False,False,False,False,0.06969793068492529,0.010036932307462153,0.2516918826867654,0.020377309378076663,2.67929183910071,6.3520534983251,18.70259257789401,0.02680004681646915,0.09032434100052342,0.0898847000207752,0.10964066504966467,0.14257090003229678,9.032434100052342,1.0,9.106944900006056,9.032434100052342,5.0,100,0,0,"[0.07599679997656494, 0.08266620000358671, 0.0992046999745071, 0.09173069999087602, 0.08825660008005798, 0.09221369994338602, 0.07723960001021624, 0.08942299999762326, 0.08682089997455478, 0.07507480005733669, 0.09216050000395626, 0.09081299998797476, 0.10282429994549602, 0.09385190007742494, 0.08281950000673532, 0.08065079990774393, 0.07489530008751899, 0.09576149994973093, 0.14257090003229678, 0.09039150003809482, 0.1253142999485135, 0.09051359992008656, 0.08864450000692159, 0.10043600003700703, 0.07747909997124225, 0.08327159995678812, 0.07957649999298155, 0.08137739996891469, 0.08750050002709031, 0.08048000000417233, 0.09852200001478195, 0.09715590009000152, 0.07848859997466207, 0.08795919991098344, 0.0775601000059396, 0.09155989997088909, 0.09512210008688271, 0.08999849995598197, 0.08013729995582253, 0.07581690000370145, 0.07563380000647157, 0.08146609994582832, 0.07969679997768253, 0.09720620000734925, 0.07927009998820722, 0.08530030003748834, 0.08205460000317544, 0.10244120005518198, 0.08599090005736798, 0.08871859998907894, 0.0959421000443399, 0.1019708999665454, 0.09461219992954284, 0.07565250003244728, 0.08698249992448837, 0.08583750005345792, 0.08813580009154975, 0.10701869998592883, 0.11260830005630851, 0.11107260000426322, 0.09306660003494471, 0.09464040002785623, 0.11153690004721284, 0.09182199998758733, 0.08080329990480095, 0.09629099990706891, 0.10637439996935427, 0.09927379991859198, 0.10017470002640039, 0.09866060002241284, 0.09316160005982965, 0.10330259997863322, 0.09423419996164739, 0.09448810003232211, 0.0783227999927476, 0.08735769998747855, 0.08047449996229261, 0.07750340003985912, 0.06952140002977103, 0.08789600001182407, 0.09275999991223216, 0.09627340000588447, 0.08774099999573082, 0.08977090008556843, 0.08255269995424896, 0.0882660000352189, 0.10956530005205423, 0.07432910008355975, 0.08800940006040037, 0.07247200002893806, 0.09806260000914335, 0.09968360001221299, 0.08191469998564571, 0.0959616000764072, 0.09278289997018874, 0.09587770001962781, 0.09237590001430362, 0.07867959991563112, 0.09482979995664209, 0.09172799997031689]",False,0,0.0
gmm_heuristic,Benchmark Point-to-Point,12,0.05,True,True,True,True,True,False,0.0,0.0,0.0,0.0,0.29509052156449933,0.48389236601066415,1.6459914284039525,0.04287682265918312,0.16316871999879368,0.16561320004984736,0.23887090496136806,0.24305479996837676,3.2633743999758735,1.0,4.231830799952149,4.211098499945365,1.0,20,0,8,"[0.2271367999492213, 0.0906514999223873, 0.24305479996837676, 0.13050279999151826, 0.16338380007073283, 0.15538370003923774, 0.17935540003236383, 0.18454059993382543, 0.2386506999609992, 0.15430920000653714, 0.1831923999125138, 0.191799100022763, 0.12966410000808537, 0.14882620004937053, 0.12933170003816485, 0.07165689999237657, 0.17716590000782162, 0.12433510005939752, 0.17259109998121858, 0.1678426000289619]",True,48,0.9477240999694914
heuristic,Benchmark Point-to-Point,12,0.05,True,True,True,True,True,False,0.0,0.0,0.0,0.0,0.29311282012356,0.4837763295639322,1.6443672782648648,0.04287682265918312,0.21863822000450456,0.2094806000823155,0.3236299399868586,0.40266879997216165,4.372764400090091,1.0,4.387088999967091,4.372764400090091,1.0,20,0,8,"[0.14281049999408424, 0.31946999998763204, 0.2749481999780983, 0.2427753999363631, 0.12082039995584637, 0.12404070002958179, 0.2439852999523282, 0.1971257000695914, 0.13817460008431226, 0.27838699996937066, 0.2218355000950396, 0.3103010000195354, 0.40266879997216165, 0.17662080004811287, 0.1532951999688521, 0.126116200000979, 0.15479379997123033, 0.2753169999923557, 0.3010469999862835, 0.16823130007833242]",False,0,0.0
uniform,Benchmark Point-to-Point,12,0.05,False,False,False,False,False,False,0.07636122956735225,0.008896550574637667,0.22364990942505175,0.028518273968089487,2.8269555036146947,3.7421987758472084,8.460507734096042,0.03845254411805721,0.0873092980007641,0.08602849999442697,0.10352958000730723,0.1548543000826612,8.73092980007641,1.0,8.801090899971314,8.73092980007641,5.0,100,0,0,"[0.08603209990542382, 0.07918410003185272, 0.10399089998099953, 0.07497139996849, 0.08784469997044653, 0.10053329996298999, 0.0845975000411272, 0.08618790004402399, 0.09648339997511357, 0.0845598999876529, 0.0834550999570638, 0.08935319993179291, 0.0964039999525994, 0.09750270005315542, 0.08565000002272427, 0.10738360008690506, 0.09497970005031675, 0.07121929991990328, 0.08346150000579655, 0.07925569999497384, 0.08587830001488328, 0.07623120001517236, 0.08747319993562996, 0.08983609999995679, 0.09476429992355406, 0.0848524000030011, 0.058911899919621646, 0.09524130006320775, 0.08818189997691661, 0.07292860001325607, 0.07788789994083345, 0.07278520008549094, 0.08095490001142025, 0.08676999993622303, 0.08093510009348392, 0.09211880003567785, 0.09871679998468608, 0.08081439998932183, 0.07638430001679808, 0.10548010002821684, 0.09258850000333041, 0.09468140010721982, 0.09600539994426072, 0.08197469997685403, 0.08611409994773567, 0.07524699997156858, 0.08154869999270886, 0.09247149992734194, 0.08602490008343011, 0.09457560000009835, 0.09611130005214363, 0.08950590004678816, 0.09705820004455745, 0.08458000002428889, 0.08821089996490628, 0.08146999997552484, 0.07566239999141544, 0.08424309990368783, 0.09506339998915792, 0.08275709999725223, 0.07715569995343685, 0.07937870000023395, 0.10179610003251582, 0.10620379995089024, 0.09736179991159588, 0.08123400004114956, 0.0877017000457272, 0.08202590001747012, 0.09516240004450083, 0.08414380007889122, 0.08321129996329546, 0.07188329997006804, 0.0893814000301063, 0.08448119997046888, 0.08998910000082105, 0.08263880002778023, 0.09058630000799894, 0.10350530000869185, 0.09182169998530298, 0.1548543000826612, 0.09472139994613826, 0.08306139998603612, 0.07531830004882067, 0.09919750003609806, 0.08151090005412698, 0.09166879998520017, 0.07490010000765324, 0.07662690000142902, 0.099055300001055, 0.07368599995970726, 0.07864339998923242, 0.09276850009337068, 0.09285899996757507, 0.07409560005180538, 0.07424180000089109, 0.09114469995256513, 0.08228209998924285, 0.09242780006024987, 0.08016889996360987, 0.07194400008302182]",False,0,0.0
gmm_heuristic,Benchmark Obstacle Detour,12,0.05,True,True,True,True,True,False,0.0,0.0,0.0,0.0,0.8918901397008724,4.427882781584139,4.951679968128645,0.000532452421388302,0.29236019583186135,0.2864387499867007,0.4828882800473366,0.701825900003314,14.033289399929345,1.0,15.674975399975665,15.555652699898928,2.4000000000000004,48,1,12,"[0.4044710999587551, 0.10406290006358176, 0.10352380003314465, 0.20513320004101843, 0.4568445000331849, 0.2312829999718815, 0.22100420005153865, 0.41126679989974946, 0.34336590010207146, 0.3629100000252947, 0.2085963999852538, 0.2778080999851227, 0.39635019993875176, 0.3329539999831468, 0.42212630005087703, 0.2578749000094831, 0.38649900001473725, 0.31616559997200966, 0.2912736999569461, 0.701825900003314, 0.12471869995351881, 0.3224921999499202, 0.5083165999967605, 0.3091175000881776, 0.28160380001645535, 0.3659456999739632, 0.4494686999823898, 0.12755269999615848, 0.2237189000006765, 0.20852479990571737, 0.4562945000361651, 0.09909440006595105, 0.25286369991954416, 0.08841490000486374, 0.3340275000082329, 0.4629090999951586, 0.09104570001363754, 0.07597440003883094, 0.4839576000813395, 0.08714239997789264, 0.23293850000482053, 0.24885909992735833, 0.24167389993090183, 0.21436460001859814, 0.39362849993631244, 0.33502080000471324, 0.4809023999841884, 0.09737830003723502]",True,14,1.5223632999695837
heuristic,Benchmark Obstacle Detour,12,0.05,True,True,True,True,True,False,0.0,0.0,0.0,0.0,2.106426574866494,8.369212897077965,12.620855107886786,0.0009242926066203166,0.47788949756849014,0.44104210002114996,0.8690962650405709,1.284661400015466,39.18693880061619,1.0,39.38554629997816,39.18693880061619,4.1000000000000005,82,1,9,"[0.2238373999716714, 0.42489819996990263, 0.5550268000224605, 0.21154749998822808, 0.43158929992932826, 0.22912899998482317, 0.19121680001262575, 0.30428000004030764, 0.565354699967429, 0.21812780003529042, 0.5831564000109211, 0.5799821000546217, 0.3054980000015348, 0.3286958000389859, 0.551909500034526, 0.8116510999388993, 0.27963570004794747, 0.5444783999118954, 0.29180639993865043, 0.7423383999848738, 0.4118645000271499, 0.1529839999275282, 0.2491444000042975, 0.2751722999382764, 0.39306709996890277, 0.5179969000164419, 0.2669300000416115, 0.14800040004774928, 0.5196526000509039, 0.257351600099355, 0.3363458000821993, 0.598584600025788, 0.3519946000305936, 0.4504576000617817, 0.3524152000900358, 0.8703280000481755, 0.19446010002866387, 0.09752090007532388, 0.8947222999995574, 0.3998857999686152, 0.31792449997738004, 0.5000231000594795, 0.5226442000130191, 0.8456932998960838, 0.3927966000046581, 0.5716234999708831, 0.5595256000524387, 1.040744199999608, 0.6736634999979287, 0.4338173000141978, 0.3451125000137836, 0.4067944000707939, 0.35130460001528263, 0.6425234000198543, 0.3341739000752568, 0.5359366999473423, 1.284661400015466, 0.41465519997291267, 0.7264919999288395, 0.5087380000622943, 0.5802828000159934, 1.1971978000365198, 0.8188684000633657, 0.4482669000281021, 0.38826240005437285, 0.22140959999524057, 0.15987149998545647, 0.651653999928385, 0.32827140006702393, 0.746901199920103, 0.5445786999771371, 0.34292070008814335, 0.6060368999605998, 0.44951069995295256, 0.35324939992278814, 0.4492104999953881, 0.5050337000284344, 0.6750237001106143, 0.5882950000232086, 0.6294874999439344, 0.6115979999303818, 0.3691221000626683]",False,0,0.0
uniform,Benchmark Obstacle Detour,12,0.05,False,False,False,False,False,False,0.09492196386134556,0.009461491303814087,0.2374488885229325,0.042282825266883685,2.8298752737169273,6.86285842588612,11.10790770982174,0.0009961430230000234,0.12651875700452364,0.122848300030455,0.1808053699962329,0.1975796000333503,12.651875700452365,1.0,12.769747899961658,12.651875700452365,5.0,100,0,0,"[0.09633780003059655, 0.09693110000807792, 0.12126549996901304, 0.10046710004098713, 0.104906199965626, 0.13656850007828325, 0.13279770000372082, 0.13302339997608215, 0.14440480002667755, 0.10572340001817793, 0.12414349999744445, 0.1415974999545142, 0.14500349992886186, 0.10502180003095418, 0.11710310005582869, 0.15362230001483113, 0.18750819994602352, 0.16206320002675056, 0.11388089996762574, 0.10309799993410707, 0.08263429999351501, 0.12473350006621331, 0.12283270002808422, 0.098254399956204, 0.1284930999390781, 0.12468419992364943, 0.12655050004832447, 0.11965759994927794, 0.09170039999298751, 0.12011390004772693, 0.12477620004210621, 0.15021600003819913, 0.16269050003029406, 0.13874009996652603, 0.1860811000224203, 0.17660920007620007, 0.14830810006242245, 0.15261099999770522, 0.15230090008117259, 0.18643610004801303, 0.1437532000709325, 0.1532348000910133, 0.13360290008131415, 0.12565249996259809, 0.13696860009804368, 0.10966960003133863, 0.11600790009833872, 0.131180000025779, 0.09421470004599541, 0.12789680005516857, 0.12286390003282577, 0.10092969995457679, 0.09760919993277639, 0.10653820005245507, 0.16688899998553097, 0.12467219994869083, 0.1185766999842599, 0.07388300006277859, 0.08483230008278042, 0.1210220999782905, 0.12248560006264597, 0.12600409996230155, 0.11332879995461553, 0.07641430001240224, 0.09460140008013695, 0.11547199997585267, 0.08952019992284477, 0.08552659989800304, 0.09203090006485581, 0.16145700006745756, 0.12275249999947846, 0.10729219997301698, 0.12201629998162389, 0.11443730001337826, 0.12221739999949932, 0.11559529998339713, 0.11097809998318553, 0.11025619995780289, 0.1101384999928996, 0.12306210002861917, 0.09996339993085712, 0.13131339999381453, 0.12136229989118874, 0.1523714999202639, 0.18052769999485463, 0.1939406000310555, 0.1975796000333503, 0.1595260000322014, 0.14762920001521707, 0.1396017000079155, 0.10690489993430674, 0.126247699954547, 0.10224390006624162, 0.15659079991746694, 0.11487290007062256, 0.11476889997720718, 0.12619959993753582, 0.1037086999276653, 0.14569260005373508, 0.16135489998850971]",False,0,0.0
gmm_heuristic,Benchmark Multi-Axis Motion,12,0.05,True,True,True,True,True,False,0.0,0.0,0.0,0.0,0.5166380554375446,3.7489266647259334,6.701798887860491,0.02680004681646915,0.16593685001134872,0.16351460001897067,0.24020634003099986,0.26846930000465363,4.646231800317764,1.0,5.70674469997175,5.686173700261861,1.4000000000000001,28,0,8,"[0.20826210000086576, 0.20132630004081875, 0.17804309993516654, 0.17965369997546077, 0.1552318000467494, 0.14038100000470877, 0.20644579990766943, 0.1902631000848487, 0.14135560009162873, 0.1844532999675721, 0.1325187999755144, 0.26846930000465363, 0.13121729996055365, 0.14374960004352033, 0.12375400005839765, 0.08605370006989688, 0.1346487000118941, 0.17179739999119192, 0.19172740005888045, 0.20792039996013045, 0.10738840000703931, 0.24026710004545748, 0.07729220006149262, 0.14514459995552897, 0.13151139998808503, 0.11994740006048232, 0.20731480000540614, 0.24009350000414997]",True,48,1.0399418999440968
heuristic,Benchmark Multi-Axis Motion,12,0.05,True,True,True,True,True,False,0.0,0.0,0.0,0.0,0.5166380554375446,3.749374322108021,6.701798887860491,0.02680004681646915,0.2444440499945943,0.23981800000183284,0.40293355995090674,0.4210421999450773,6.84443339984864,1.0,6.865143000031821,6.84443339984864,1.4000000000000001,28,0,8,"[0.1393927000463009, 0.33768839994445443, 0.29240409994963557, 0.17461469990666956, 0.11818210000637919, 0.3435149999568239, 0.1933925999328494, 0.23887180001474917, 0.12771400006022304, 0.24162619991693646, 0.1885025999508798, 0.37202189990784973, 0.24076419998891652, 0.36333550000563264, 0.08190340001601726, 0.14349740010220557, 0.41957829997409135, 0.20350359997246414, 0.18419659999199212, 0.2900959000689909, 0.29163690004497766, 0.18353470007423311, 0.4210421999450773, 0.25176900008227676, 0.3359634999651462, 0.2962616999866441, 0.2132450999924913, 0.15617930004373193]",False,0,0.0
uniform,Benchmark Multi-Axis Motion,12,0.05,False,False,False,False,False,False,0.1921507552681676,0.005902787938182191,0.1566758445991172,0.07408429277663213,2.7500367123974985,4.348932999248862,13.032048016837217,0.02680004681646915,0.08608338299789466,0.08530430000973865,0.1020709249889478,0.1072422000579536,8.608338299789466,1.0,8.68472780007869,8.608338299789466,5.0,100,0,0,"[0.09442609990946949, 0.08870640001259744, 0.09417069994378835, 0.08372090000193566, 0.08619499998167157, 0.09406809997744858, 0.08130770002026111, 0.07424380001612008, 0.08274250000249594, 0.07800930005032569, 0.10340959997847676, 0.09123749996069819, 0.07830769999418408, 0.07136570010334253, 0.08764629997313023, 0.08184590004384518, 0.0739552000304684, 0.07156800001394004, 0.0928118999581784, 0.08760619990061969, 0.09650089999195188, 0.061041399952955544, 0.10679840005468577, 0.09357380005531013, 0.08140719996299595, 0.08689700008835644, 0.08150559989735484, 0.08514979993924499, 0.07985270000062883, 0.0925275000045076, 0.08465860004071146, 0.07697009993717074, 0.08071020001079887, 0.08813319995533675, 0.07014089997392148, 0.08241989999078214, 0.07814110000617802, 0.07315650000236928, 0.08303959993645549, 0.08554170001298189, 0.0766384000889957, 0.09064860001672059, 0.07798589998856187, 0.07589610002469271, 0.07857760007027537, 0.10443329997360706, 0.10195039992686361, 0.1072422000579536, 0.08393369999248534, 0.10200429998803884, 0.08068529993761331, 0.07969029992818832, 0.07634659996256232, 0.07255689997691661, 0.08387010009028018, 0.08175130002200603, 0.05860049999319017, 0.09317950007971376, 0.09017590002622455, 0.09359999990556389, 0.09826710005290806, 0.07807849999517202, 0.08809889992699027, 0.08748270000796765, 0.0794525999808684, 0.07187230000272393, 0.08545880008023232, 0.08789740002248436, 0.09505550004541874, 0.1015385000500828, 0.09949339996092021, 0.08918589993845671, 0.08779370004776865, 0.10333680000621825, 0.08067559998016804, 0.07692540006246418, 0.07588270003907382, 0.10084709990769625, 0.08813100005500019, 0.08867470000404865, 0.0984296000096947, 0.08257520000915974, 0.0921235999558121, 0.08274650003295392, 0.07886570005211979, 0.09149949997663498, 0.08956810005474836, 0.09871549997478724, 0.08318159996997565, 0.0845088999485597, 0.08418550004716963, 0.0923725999891758, 0.08427299989853054, 0.0842743000248447, 0.08214249997399747, 0.093501599971205, 0.08663259993772954, 0.09962330001872033, 0.08620180003345013, 0.09349080000538379]",False,0,0.0
gmm_heuristic,Benchmark Point-to-Point,13,0.05,True,True,True,True,True,False,0.0,0.0,0.0,0.0,0.29509052156449933,0.4838678192139704,1.6459914284039525,0.04287682265918312,0.15164112499915064,0.13208055001450703,0.23176332500297578,0.2628876999951899,3.0328224999830127,1.0,4.033871799940243,4.020587800070643,1.0,20,0,8,"[0.23012520000338554, 0.19873569998890162, 0.13393160002306104, 0.07726060005370528, 0.1270986000308767, 0.22196550003718585, 0.1288345999782905, 0.22465019999071956, 0.13022950000595301, 0.1800605000462383, 0.09236689994577318, 0.2628876999951899, 0.08756809995975345, 0.2289032000117004, 0.07481289992574602, 0.12267349998001009, 0.18684570002369583, 0.09507199993822724, 0.15111570002045482, 0.07768480002414435]",True,48,0.9877653000876307
heuristic,Benchmark Point-to-Point,13,0.05,True,True,True,True,True,False,0.0,0.0,0.0,0.0,0.2943068341938374,0.4836877550700164,1.6450925353555212,0.04287682265918312,0.2472776499867905,0.23107820004224777,0.40655217496678236,0.4428739999420941,4.94555299973581,1.0,4.96233290003147,4.94555299973581,1.0,20,0,8,"[0.30923629994504154, 0.23270809999667108, 0.2353350999765098, 0.147227399982512, 0.08248089998960495, 0.15478919993620366, 0.21563550003338605, 0.18222930002957582, 0.18577079998794943, 0.22944830008782446, 0.14543699997011572, 0.36701519996859133, 0.2853820000309497, 0.303421700024046, 0.27363909990526736, 0.20328789995983243, 0.4046404999680817, 0.3191924999700859, 0.4428739999420941, 0.22580220003146678]",False,0,0.0
uniform,Benchmark Point-to-Point,13,0.05,False,False,True,False,False,False,0.24995647038808788,0.0037758472282913083,0.12033743801716679,0.05408486569571371,2.9005094845759465,4.117136436486595,10.619572797287713,0.03805080019995505,0.08836914900690317,0.08841734996531159,0.10951596494414843,0.1272002001060173,8.836914900690317,1.0,8.907633999944665,8.836914900690317,5.0,100,0,0,"[0.111479900078848, 0.1272002001060173, 0.10297989996615797, 0.08325000002514571, 0.09515009995084256, 0.06758140004239976, 0.09399020008277148, 0.09737950004637241, 0.0895190000301227, 0.07762490003369749, 0.0736870999680832, 0.10075189999770373, 0.11927979998290539, 0.10223890002816916, 0.089889399940148, 0.09867300000041723, 0.08602660009637475, 0.06964220001827925, 0.0800677000079304, 0.08532499999273568, 0.08336549997329712, 0.07256210001651198, 0.06963679997716099, 0.06959590001497418, 0.06777690001763403, 0.0937493999954313, 0.08456590003333986, 0.07461550005245954, 0.10455339995678514, 0.10895130003336817, 0.08669170003850013, 0.08686580008361489, 0.10356010007672012, 0.08047789998818189, 0.05876770010218024, 0.10624719993211329, 0.08408169995527714, 0.08360710006672889, 0.0884672999382019, 0.10278089996427298, 0.11232830001972616, 0.09022590005770326, 0.0873589999973774, 0.07631220004986972, 0.07380239991471171, 0.07403260003775358, 0.07753140002023429, 0.08252489997539669, 0.10941259993705899, 0.09468559990637004, 0.11219989997334778, 0.10711820004507899, 0.09300220001023263, 0.10151800001040101, 0.08932659996207803, 0.0910450000083074, 0.0900823000119999, 0.08105689997319132, 0.07559720007702708, 0.08620400005020201, 0.1055515999905765, 0.08651360007934272, 0.08889959997031838, 0.06622669997159392, 0.0961636999854818, 0.08809630002360791, 0.08544040005654097, 0.08149240002967417, 0.07891539996489882, 0.09843909996561706, 0.08994360000360757, 0.09379760001320392, 0.06927239999640733, 0.10669110005255789, 0.08951199997682124, 0.10520730004645884, 0.09051090001594275, 0.07874300004914403, 0.09622249996755272, 0.10200829990208149, 0.09950469993054867, 0.08919490000698715, 0.09381150000263005, 0.06679479999002069, 0.06942630000412464, 0.07709090004209429, 0.07864850002806634, 0.09007799997925758, 0.06944710004609078, 0.08836739999242127, 0.07947500003501773, 0.06905819999519736, 0.08652020001318306, 0.06871090002823621, 0.07439259998500347, 0.07899229996837676, 0.09802899998612702, 0.09857409994583577, 0.09406719997059554, 0.10106180002912879]",False,0,0.0
gmm_heuristic,Benchmark Obstacle Detour,13,0.05,False,False,False,False,False,False,0.4651841267433219,0.0020000000000000018,0.0915390535032087,0.21749124140200568,2.3230229733386176,10.85114030216786,28.37542578627683,0.0009215376914212675,0.2927485520055052,0.24330559995723888,0.5736495300079696,0.6988386999582872,29.27485520055052,1.0,31.006691099959426,30.802903200499713,5.0,100,3,2,"[0.387795599992387, 0.10728170000948012, 0.08876249997410923, 0.18656279996503145, 0.1806551000336185, 0.1966785000404343, 0.22397930000443012, 0.20540160010568798, 0.10203870001714677, 0.2613942999159917, 0.3090502000413835, 0.244974400033243, 0.17775180004537106, 0.17202449997421354, 0.20031300000846386, 0.22810670000035316, 0.2770431999815628, 0.08142489998135716, 0.2428524000570178, 0.1921826999168843, 0.19074120000004768, 0.24047990003600717, 0.26059690001420677, 0.5084120000246912, 0.2211866999277845, 0.0772992999991402, 0.14702849998138845, 0.3126361999893561, 0.10099219996482134, 0.23101909994147718, 0.28998040000442415, 0.18209820007905364, 0.2331957999849692, 0.2881980000529438, 0.1407575000775978, 0.4301761999959126, 0.17769749998115003, 0.1574098999844864, 0.21809049998410046, 0.3246062999824062, 0.41250060009770095, 0.18198829994071275, 0.22652820008806884, 0.45670580002479255, 0.2127106999978423, 0.4341329999733716, 0.24292579991742969, 0.23342790000606328, 0.2082516000373289, 0.10136720002628863, 0.46136899990960956, 0.25210669997613877, 0.39285930001642555, 0.5279183998936787, 0.6220571999438107, 0.2156031000195071, 0.09196860005613416, 0.35249989992007613, 0.24254450004082173, 0.57347820000723, 0.31479530001524836, 0.5046683000400662, 0.2814097999362275, 0.10481920000165701, 0.21436029998585582, 0.1121860999846831, 0.10797840007580817, 0.28589719999581575, 0.35539779998362064, 0.43392219999805093, 0.19090490008238703, 0.23535880004055798, 0.20914400008041412, 0.2003204000648111, 0.3911266999784857, 0.25057499995455146, 0.5508599999593571, 0.5769048000220209, 0.5429055000422522, 0.4280045999912545, 0.24368539999704808, 0.6977915000170469, 0.20421610004268587, 0.6078568999655545, 0.28037290007341653, 0.4934408999979496, 0.38891530002001673, 0.5408103000372648, 0.6988386999582872, 0.3063917000545189, 0.5704542000312358, 0.10367720003705472, 0.41120680002495646, 0.16112589999102056, 0.2825305999722332, 0.49355420004576445, 0.16749450005590916, 0.33520239999052137, 0.38898829999379814, 0.364941900013946]",True,14,1.5280479999491945
heuristic,Benchmark Obstacle Detour,13,0.05,False,False,False,False,False,False,0.4609772228646443,0.0020000000000000018,0.09296556759530235,0.21442010572898687,2.800050985420258,10.458755866869355,26.880485508090644,0.0007626823138715266,0.4614107100048568,0.46478219993878156,0.7170369551051408,0.8386840999592096,46.14107100048568,1.0,46.40960759995505,46.14107100048568,5.0,100,3,3,"[0.4794224000070244, 0.31434809998609126, 0.7122117000399157, 0.4184316999744624, 0.22233530005905777, 0.29649920004885644, 0.3026260999031365, 0.19941800006199628, 0.4241753000533208, 0.32660740008577704, 0.4345970000140369, 0.10143000003881752, 0.42918630002532154, 0.689415100030601, 0.631582299945876, 0.29975310002919286, 0.482587399892509, 0.5254790999460965, 0.5813495001057163, 0.3712120000272989, 0.5759942999575287, 0.2572840000502765, 0.4704745999770239, 0.5551599999889731, 0.32007339992560446, 0.8386840999592096, 0.467553700087592, 0.6908019999973476, 0.4205704000778496, 0.11612429993692786, 0.8157595000229776, 0.4931081000249833, 0.418833400006406, 0.6510916000697762, 0.36722480005118996, 0.45408980001229793, 0.1792669000569731, 0.31250680005177855, 0.4670707999030128, 0.3434814000502229, 0.4624935999745503, 0.47399399999994785, 0.47533039993140846, 0.5647317999973893, 0.48063140001613647, 0.4777459000470117, 0.48500870005227625, 0.5644882000051439, 0.21107109996955842, 0.6621668000007048, 0.3297432999825105, 0.39552889997139573, 0.5084320999449119, 0.581486799987033, 0.6652047000825405, 0.22075890004634857, 0.5259645000332966, 0.7016824000747874, 0.32825660007074475, 0.37935609999112785, 0.4123636999865994, 0.7166392001090571, 0.27855329995509237, 0.6077347999671474, 0.10934029996860772, 0.48341909993905574, 0.678078499971889, 0.3829977000132203, 0.2466916999546811, 0.46071829996071756, 0.4752040000166744, 0.6162231999915093, 0.47745949996169657, 0.5172209999291226, 0.4491601000772789, 0.27115119993686676, 0.3604530000593513, 0.7245943000307307, 0.3817220999626443, 0.773741599987261, 0.6113412000704557, 0.39584200002718717, 0.16789139993488789, 0.693779099965468, 0.6444171000039205, 0.43062329990789294, 0.4473188000265509, 0.7013085000216961, 0.5477961000287905, 0.3319051000289619, 0.5762517000548542, 0.3606122999917716, 0.432399999932386, 0.253449400071986, 0.6094786999747157, 0.5675820999313146, 0.5126294000074267, 0.4393107999349013, 0.22865230008028448, 0.813118000049144]",False,0,0.0
uniform,Benchmark Obstacle Detour,13,0.05,False,False,False,False,False,False,0.16487940113843189,0.0050663804089866316,0.1343024981484681,0.0665364566419542,2.825052335183067,9.074639611956332,16.10376957733928,0.000672284973844875,0.14005752299912275,0.12421009998070076,0.2205248200218193,0.2833689999533817,14.005752299912274,1.0,14.160326300072484,14.005752299912274,5.0,100,0,0,"[0.10469760000705719, 0.09165379998739809, 0.09292930003721267, 0.11409550008829683, 0.1259730999590829, 0.12244710000231862, 0.09777390002273023, 0.09917349996976554, 0.11241719999816269, 0.16623830003663898, 0.22020540002267808, 0.19850409997161478, 0.10594150004908442, 0.11657730001024902, 0.11877119995187968, 0.13293029996566474, 0.1655400999588892, 0.2601250000298023, 0.1576465000398457, 0.19072179996874183, 0.14852049993351102, 0.11905799992382526, 0.15994409995619208, 0.1369453000370413, 0.10718260006979108, 0.12142500001937151, 0.13020590005908161, 0.12998709990642965, 0.15333150001242757, 0.1530979999806732, 0.1397376999957487, 0.11597509996499866, 0.13733890000730753, 0.1098232000367716, 0.1188568000216037, 0.1020091000245884, 0.09517969994340092, 0.10151770000811666, 0.09758009994402528, 0.09690290002617985, 0.11374609998892993, 0.14483859995380044, 0.09622860001400113, 0.1033253000350669, 0.10620240005664527, 0.11729779990855604, 0.10861529991962016, 0.12807600002270192, 0.14587080001365393, 0.2833689999533817, 0.1636341999983415, 0.19669789995532483, 0.21938610007055104, 0.18669589993078262, 0.1841124000493437, 0.2112170000327751, 0.18951510009355843, 0.19100340001750737, 0.1875239999499172, 0.226593800005503, 0.2708173000719398, 0.21936160000041127, 0.2025783999124542, 0.22791390004567802, 0.1993532000342384, 0.16954030003398657, 0.14013710001017898, 0.19702890003100038, 0.16995089990086854, 0.15216850000433624, 0.1553427999606356, 0.11475359997712076, 0.11032610002439469, 0.09896410000510514, 0.13864510005805641, 0.1719390000216663, 0.11363010003697127, 0.11944989999756217, 0.1157718999311328, 0.10604680003598332, 0.09646649996284395, 0.12988140003290027, 0.1091963000362739, 0.11154159996658564, 0.11782109993509948, 0.09951500000897795, 0.09476939996238798, 0.13832380005624145, 0.0978886999655515, 0.12647819996345788, 0.10998529999051243, 0.12072190002072603, 0.11100040003657341, 0.11429339996539056, 0.12980820005759597, 0.11176329990848899, 0.10066500003449619, 0.08400479995179921, 0.0998700000345707, 0.1351071000099182]",False,0,0.0
gmm_heuristic,Benchmark Multi-Axis Motion,13,0.05,True,True,True,True,True,False,0.0,0.0,0.0,0.0,0.5199548923317499,3.7503195998922334,6.701851638650759,0.02680004681646915,0.16229671426948958,0.15305939997779205,0.26282115001813505,0.2892097000731155,4.544307999545708,1.0,5.6177926999516785,5.594004099490121,1.4000000000000001,28,0,6,"[0.19748069997876883, 0.20336150005459785, 0.16414899996016175, 0.10320480004884303, 0.14208560006227344, 0.24916529993060976, 0.15635699999984354, 0.2701743000652641, 0.14080299995839596, 0.2162781999213621, 0.11321370000950992, 0.2892097000731155, 0.09901439992245287, 0.1848891000263393, 0.09603699995204806, 0.14531079994048923, 0.20588889997452497, 0.11089959996752441, 0.15905859996564686, 0.09802689997013658, 0.10791369993239641, 0.14976179995574057, 0.17909039999358356, 0.2289739999687299, 0.09334070002660155, 0.14078220003284514, 0.2018463999265805, 0.09799069992732257]",True,48,1.0496960999444127
heuristic,Benchmark Multi-Axis Motion,13,0.05,True,True,True,True,True,False,0.0,0.0,0.0,0.0,0.5180388895262038,3.7494232668397416,6.7019191861952025,0.02680004681646915,0.270871882152278,0.2791255500051193,0.40983616996090855,0.43220459995791316,7.584412700263783,1.0,7.607637300039642,7.584412700263783,1.4000000000000001,28,0,8,"[0.30208489997312427, 0.2619601000333205, 0.43220459995791316, 0.22646380006335676, 0.3024883000180125, 0.17193279997445643, 0.3110543000511825, 0.13007119996473193, 0.31005470000673085, 0.30350499995984137, 0.3303431000094861, 0.28469260002020746, 0.22955619997810572, 0.4181030999170616, 0.39448330004233867, 0.332456799922511, 0.3141896000597626, 0.24612810008693486, 0.38224930001888424, 0.14491469995118678, 0.22435580007731915, 0.24402079998981208, 0.2735584999900311, 0.20230250002350658, 0.3053847000701353, 0.11568799999076873, 0.22068460006266832, 0.16948130005039275]",False,0,0.0
uniform,Benchmark Multi-Axis Motion,13,0.05,False,False,False,False,False,False,0.29007473350013574,0.0017321886555994453,0.08163999009840557,0.11014390029973253,2.8909607751330144,3.8513760082573736,13.744926951793815,0.02680004681646915,0.0901633429992944,0.09214350004913285,0.10638324003666638,0.1116217999951914,9.01633429992944,0.97,9.085323599982075,9.01633429992944,5.0,100,0,0,"[0.09750739997252822, 0.09727719996590167, 0.09715170005802065, 0.09994470002129674, 0.07293939997907728, 0.08129500003997236, 0.08131269994191825, 0.08900260005611926, 0.10841700003948063, 0.10439710004720837, 0.09707879996858537, 0.08874309994280338, 0.08868219994474202, 0.07679510000161827, 0.09226379997562617, 0.09909630008041859, 0.08023700001649559, 0.08732890000101179, 0.1004638000158593, 0.0959604000672698, 0.09394020005129278, 0.09216270002070814, 0.09418439993169159, 0.09081870003137738, 0.09874839999247342, 0.093372100032866, 0.0939605999737978, 0.08383659995160997, 0.10590810002759099, 0.09459970006719232, 0.09198469994589686, 0.07926099991891533, 0.08245520002674311, 0.08254129998385906, 0.08275499998126179, 0.07264379994012415, 0.03764330002013594, 0.09220050007570535, 0.09240950003731996, 0.09657829999923706, 0.08989290008321404, 0.09349139989353716, 0.09181789995636791, 0.09212430007755756, 0.09766339999623597, 0.10970749997068197, 0.11060779995750636, 0.09909569995943457, 0.09807910001836717, 0.0991335998987779, 0.0997639000415802, 0.10260649991687387, 0.10251540003810078, 0.09566069999709725, 0.08249790000263602, 0.08318970003165305, 0.09173720004037023, 0.0858878999715671, 0.10072759992908686, 0.0918965000892058, 0.0811219000024721, 0.09671050007455051, 0.08125879999715835, 0.1116217999951914, 0.08186329994350672, 0.09641090000513941, 0.09609880007337779, 0.10898669995367527, 0.10032349999528378, 0.0830696999328211, 0.03512279991991818, 0.03451120003592223, 0.0913915999699384, 0.10259050002787262, 0.08249480009544641, 0.08721180004067719, 0.1011154999723658, 0.07126310002058744, 0.07020010007545352, 0.0986276000039652, 0.08456819993443787, 0.09651349997147918, 0.10109419992659241, 0.08717539999634027, 0.09451439999975264, 0.07384089997503906, 0.08453480002935976, 0.10627620003651828, 0.08281229995191097, 0.09654609998688102, 0.1022599000716582, 0.09174319996964186, 0.09055550000630319, 0.08819030004087836, 0.08174669998697937, 0.0861043999902904, 0.07579330005683005, 0.09061939991079271, 0.10073880001436919, 0.08271669992245734]",False,0,0.0
gmm_heuristic,Benchmark Point-to-Point,14,0.05,True,True,True,True,True,False,0.0,0.0,0.0,0.0,0.3119583266780078,0.42267010987365733,1.6477912558275973,0.042543688095371374,0.15996196086052805,0.14927129994612187,0.26785586002515627,0.31442550010979176,3.679125099792145,1.0,4.6873270000796765,4.669584399787709,1.1500000000000001,23,0,9,"[0.16337309998925775, 0.19512639997992665, 0.26812090002931654, 0.265470499987714, 0.0898031999822706, 0.15401649998966604, 0.1005388000048697, 0.13604139990638942, 0.07794950006064028, 0.14927129994612187, 0.12608640000689775, 0.07908479997422546, 0.09219750005286187, 0.1474499999312684, 0.31442550010979176, 0.16402929998002946, 0.1395368999801576, 0.1525334999896586, 0.21955149993300438, 0.08993529994040728, 0.17929280002135783, 0.11761760001536459, 0.2576723999809474]",True,48,0.9904592999955639
heuristic,Benchmark Point-to-Point,14,0.05,True,True,True,True,True,False,0.0,0.0,0.0,0.0,0.29509052156449933,0.4837179811017632,1.6459914284039525,0.04287682265918312,0.23707236999762243,0.21787165000569075,0.3689291949733161,0.4276447999291122,4.741447399952449,1.0,4.75776239996776,4.741447399952449,1.0,20,0,8,"[0.3058453000849113, 0.2646130999783054, 0.332630000077188, 0.33768190001137555, 0.13012180000077933, 0.4276447999291122, 0.18568500003311783, 0.19057879992760718, 0.18093759997282177, 0.25224080006591976, 0.36583889997564256, 0.28864449996035546, 0.19896239996887743, 0.14552159991580993, 0.14431799994781613, 0.2350519000319764, 0.20628889999352396, 0.1979319000383839, 0.12145580002106726, 0.22945440001785755]",False,0,0.0
uniform,Benchmark Point-to-Point,14,0.05,False,False,False,False,False,False,0.33566935714810314,0.009122254753105123,0.2503318860130284,0.07625173001783919,2.913966764181931,4.014077113779137,12.08354971657398,0.03822659753524535,0.08685350400279276,0.08647179999388754,0.10756663499050773,0.11987269995734096,8.685350400279276,0.99,8.755675200023688,8.685350400279276,5.0,100,0,0,"[0.11085970001295209, 0.09289880003780127, 0.10166239994578063, 0.0874592000618577, 0.0891842000419274, 0.0938931000418961, 0.07618710002861917, 0.09260360000189394, 0.08449510007631034, 0.09977189998608083, 0.07681190001312643, 0.09081860003061593, 0.09506840002723038, 0.09308070002589375, 0.11395610007457435, 0.09743710001930594, 0.07586490001995116, 0.07060950004961342, 0.08681069989688694, 0.09637970000039786, 0.08788729994557798, 0.10953949997201562, 0.10331479995511472, 0.06911909999325871, 0.09651309996843338, 0.07071089989040047, 0.08031300001312047, 0.08636780001688749, 0.0800557000329718, 0.07141649990808219, 0.08650630002375692, 0.0848705000244081, 0.1043691000668332, 0.09132300002966076, 0.08948399999644607, 0.08821710001211613, 0.107462799991481, 0.08471279998775572, 0.09402449999470264, 0.09113050007726997, 0.09259110002312809, 0.07947080000303686, 0.03641940001398325, 0.051477700006216764, 0.08762380003463477, 0.0889158999780193, 0.07770649995654821, 0.0865715000545606, 0.10678800009191036, 0.07391879998613149, 0.08242700004484504, 0.09282480005640537, 0.08155640005134046, 0.09402869991026819, 0.07505669991951436, 0.07662110007368028, 0.08117000001948327, 0.09363569994457066, 0.11987269995734096, 0.100737200002186, 0.08278159995097667, 0.08245559991337359, 0.09146160003729165, 0.08155430003535002, 0.0814760000212118, 0.08311700006015599, 0.0913979000179097, 0.0788832000689581, 0.07160679996013641, 0.08851899998262525, 0.08673260000068694, 0.0842368999728933, 0.09861429990269244, 0.0846531999995932, 0.07882259995676577, 0.08358979993499815, 0.07819489995017648, 0.0808190000243485, 0.07568139990326017, 0.07922690000850707, 0.08432429993990809, 0.09240359999239445, 0.08540829992853105, 0.09232749999500811, 0.08759590005502105, 0.07972200005315244, 0.0823984999442473, 0.08467600005678833, 0.08069600001908839, 0.088744500069879, 0.0843917999882251, 0.08643729996401817, 0.07741689996328205, 0.09516380005516112, 0.09505760006140918, 0.11217900004703552, 0.07906030002050102, 0.08605559996794909, 0.07556879997719079, 0.08929330005776137]",False,0,0.0
gmm_heuristic,Benchmark Obstacle Detour,14,0.05,False,False,False,False,False,False,0.47985868857126973,0.0020000000000000018,0.09239796512190805,0.22596782664254084,2.4687094527056184,10.866491439137741,28.4063491343138,0.0005274101720500329,0.2903746409912128,0.2853171000024304,0.5150376249104738,0.7606033000629395,29.03746409912128,1.0,30.759282799903303,30.55534889921546,5.0,100,6,5,"[0.24170250003226101, 0.3040053000440821, 0.3776607000036165, 0.3478709999471903, 0.1025603999150917, 0.3841627000365406, 0.190410100040026, 0.3182594000827521, 0.21764079993590713, 0.08901750005315989, 0.2853311999933794, 0.207399099948816, 0.2889913000399247, 0.3144383999751881, 0.23482940008398145, 0.3351873999927193, 0.19702019996475428, 0.18722500000149012, 0.17357270000502467, 0.3089898000471294, 0.1970442000310868, 0.18556710006669164, 0.18694990000221878, 0.19860390003304929, 0.38318769994657487, 0.1865997000131756, 0.36453220003750175, 0.47273289994336665, 0.2138923000311479, 0.32021889998577535, 0.3577967999735847, 0.22361979994457215, 0.156714899931103, 0.5465322999516502, 0.5180476999375969, 0.19158270000480115, 0.19495239993557334, 0.34792740002740175, 0.3144937000470236, 0.18662089994177222, 0.30101099994499236, 0.5719947000034153, 0.3312665999401361, 0.45574089989531785, 0.19298689998686314, 0.1458579000318423, 0.23301669990178198, 0.3029168000211939, 0.37412259995471686, 0.33764449995942414, 0.3420808999799192, 0.1381962999003008, 0.25951140001416206, 0.08098059997428209, 0.24728659994434565, 0.18269970000255853, 0.09026660001836717, 0.22917389997746795, 0.5148791999090463, 0.35185899992939085, 0.47279710008297116, 0.324888400034979, 0.28530300001148134, 0.36975379998330027, 0.19653979991562665, 0.22936819994356483, 0.07581950002349913, 0.29492920008488, 0.5098940000170842, 0.2594714000588283, 0.4267332999734208, 0.25705720006953925, 0.0900587000651285, 0.40983589994721115, 0.10596549999900162, 0.24438259995076805, 0.19760009995661676, 0.242005999898538, 0.7606033000629395, 0.12988909997511655, 0.3894087999360636, 0.4501326000317931, 0.36197520000860095, 0.2727551000425592, 0.4076206999598071, 0.27599949995055795, 0.386104500037618, 0.2349454000359401, 0.3527981999795884, 0.718250900041312, 0.48121699993498623, 0.19236129999626428, 0.3139913999475539, 0.1414080000249669, 0.17754199996124953, 0.4133934999117628, 0.31518919998779893, 0.06295619998127222, 0.3383282000431791, 0.3308052000356838]",True,15,1.5178848000941798
heuristic,Benchmark Obstacle Detour,14,0.05,False,False,False,False,False,False,0.42975419541446225,0.0,0.06839750451469201,0.20391280749481705,2.9160473311044726,10.257936579223497,25.459823807097166,0.0007068266669487816,0.4698888149962295,0.46304185001645237,0.8216675899981055,1.0162112000398338,46.98888149962295,1.0,47.24773349997122,46.98888149962295,5.0,100,4,3,"[0.538081599981524, 0.547999499947764, 0.9950258999597281, 0.6886066000442952, 0.8058993000304326, 0.31686469994019717, 0.313403100008145, 0.5120882999617606, 0.10015539999585599, 0.41732370003592223, 0.9897940000519156, 0.18500389996916056, 0.363689300022088, 0.4389375998871401, 0.669172199908644, 0.44397279992699623, 0.5738172000274062, 0.3001462999964133, 0.3579764000605792, 0.46205219998955727, 0.48816880001686513, 0.7969490999821573, 0.598674500011839, 0.2259537000209093, 0.7001385999610648, 0.5514797999057919, 0.3922097000759095, 0.7137091000331566, 0.4943513999460265, 0.6449166999664158, 0.4693415999645367, 0.33008819993119687, 1.0162112000398338, 0.43727690004743636, 0.5474216999718919, 0.48105399997439235, 0.271543400012888, 0.3395043999189511, 0.6347198999719694, 0.7455529000144452, 0.6569584000390023, 0.8211071999976411, 0.7044149999273941, 0.2465297000017017, 0.5325507000088692, 0.4532949000131339, 0.43012509995605797, 0.8330797998933122, 0.8033407999901101, 0.7715386999770999, 0.6807216999586672, 0.49038880004081875, 0.42545150010846555, 0.5483360000653192, 0.3327094999840483, 0.5871158000081778, 0.2593343999469653, 0.8048868000041693, 0.22262650006450713, 0.3633856000378728, 0.3072698999894783, 0.7685926000121981, 0.3732094999868423, 0.22159000008832663, 0.4640315000433475, 0.832315000006929, 0.3893870000028983, 0.41953109996393323, 0.19148149993270636, 0.48678470007143915, 0.36692399997264147, 0.4947194999549538, 0.1748044000705704, 0.36665360000915825, 0.555953299975954, 0.14857820002362132, 0.47528280003461987, 0.5102626000298187, 0.19013819994870573, 0.362725600018166, 0.6988005999010056, 0.5835211999947205, 0.2646503000287339, 0.49417019996326417, 0.3879589999560267, 0.17008869990240782, 0.09683990001212806, 0.10643019992858171, 0.17425319994799793, 0.2957498000469059, 0.49483589990995824, 0.08567350008524954, 0.2877745000878349, 0.34891389997210354, 0.7526828000554815, 0.2645447999238968, 0.22733570006676018, 0.4898724000668153, 0.3114174000220373, 0.48596000007819384]",False,0,0.0
uniform,Benchmark Obstacle Detour,14,0.05,False,False,False,False,False,False,0.6312349719988289,0.0037119789907210585,0.15637234091685048,0.2682981758575302,2.874667985024891,14.270046389937125,39.954977410819986,0.0007408805610119584,0.13556996199651622,0.12407105002785102,0.22476273495121857,0.2710758000612259,13.556996199651621,1.0,13.7014940000372,13.556996199651621,5.0,100,0,0,"[0.10475689999293536, 0.0974097999278456, 0.07730830006767064, 0.1012390999821946, 0.11039089993573725, 0.12392409995663911, 0.1698261999990791, 0.17683030001353472, 0.1565579999005422, 0.11776739999186248, 0.1315082999644801, 0.20066360000055283, 0.21804189996328205, 0.22932719998061657, 0.2710758000612259, 0.18075639999005944, 0.1454896000213921, 0.17894509993493557, 0.2366319999564439, 0.15895269997417927, 0.23111479997169226, 0.19585939997341484, 0.1617197000887245, 0.22452249994967133, 0.19946130004245788, 0.1574194000568241, 0.10199629992712289, 0.12594709999393672, 0.20982180000282824, 0.12735150009393692, 0.10912050004117191, 0.1074955000076443, 0.08061070006806403, 0.08818210009485483, 0.11333899991586804, 0.1127314999466762, 0.1333022000035271, 0.13068780000321567, 0.1501822000136599, 0.19944949995260686, 0.20077640004456043, 0.15709160000551492, 0.15713239996694028, 0.13890010002069175, 0.24840969999786466, 0.16904279997106642, 0.14236900000832975, 0.1643097000196576, 0.14020390005316585, 0.12732510000932962, 0.13855999999213964, 0.1437629999127239, 0.165563500020653, 0.11342930002138019, 0.16639839997515082, 0.12309450004249811, 0.17034770001191646, 0.16387499996926636, 0.11133619991596788, 0.11879159999080002, 0.13463800004683435, 0.16349489998538047, 0.13165560003835708, 0.1515433999011293, 0.11222869995981455, 0.12580290006008, 0.12157330010086298, 0.08752819988876581, 0.11577639996539801, 0.14214620005805045, 0.11686569999437779, 0.10643759998492897, 0.0994132999330759, 0.10804030008148402, 0.13017630006652325, 0.09198799997102469, 0.09098620002623647, 0.08870359999127686, 0.10235419997479767, 0.09745310002472252, 0.0943152999971062, 0.09038970002438873, 0.10006550000980496, 0.08939019998069853, 0.08039589994587004, 0.12289720005355775, 0.11144269991200417, 0.09057589992880821, 0.10091069992631674, 0.10448910004924983, 0.1088418000144884, 0.10220209998078644, 0.12421800009906292, 0.12026829994283617, 0.09891749999951571, 0.10017870005685836, 0.11434680002275854, 0.09414850000757724, 0.08132999995723367, 0.10042809997685254]",False,0,0.0
gmm_heuristic,Benchmark Multi-Axis Motion,14,0.05,True,True,True,True,True,False,0.0,0.0,0.0,0.0,0.5166380554375446,3.7496295782667923,6.701798887860491,0.02680004681646915,0.15667645000004476,0.15691505005815998,0.25117515499005094,0.2529562000418082,4.386940600001253,1.0,5.404278600006364,5.38265769998543,1.4000000000000001,28,0,8,"[0.1716975000454113, 0.1915628999704495, 0.22382750001270324, 0.2507469999836758, 0.08613469998817891, 0.133172900066711, 0.08691469999030232, 0.16097130009438843, 0.1871590999653563, 0.18774179997853935, 0.08651769999414682, 0.16709449992049485, 0.13100139994639903, 0.0795026000123471, 0.2514056999934837, 0.19254969991743565, 0.18271580000873655, 0.2529562000418082, 0.13678890001028776, 0.22213349991943687, 0.13350350002292544, 0.15285880002193153, 0.08525629993528128, 0.12401200004387647, 0.18126790004316717, 0.08259430003818125, 0.14940380002371967, 0.09544860001187772]",True,48,0.9957170999841765
heuristic,Benchmark Multi-Axis Motion,14,0.05,True,True,True,True,True,False,0.0,0.0,0.0,0.0,0.5198245949776539,3.748851410438043,6.701234413983839,0.02680004681646915,0.2512475535622798,0.25216934992931783,0.3707145299471449,0.38437800004612654,7.034931499743834,1.0,7.056694599916227,7.034931499743834,1.4000000000000001,28,0,8,"[0.2537526999367401, 0.273008199990727, 0.17134150001220405, 0.34396170009858906, 0.30984999996144325, 0.3328265999443829, 0.31497780000790954, 0.24993669998366386, 0.24403960001654923, 0.37505179992876947, 0.15151809994131327, 0.17772949999198318, 0.24726069997996092, 0.2649897000519559, 0.27401409996673465, 0.31797760003246367, 0.14024900004733354, 0.18165249994490296, 0.2916395999491215, 0.36265959998127073, 0.20797040010802448, 0.25058599992189556, 0.22229039994999766, 0.08513730007689446, 0.13965809997171164, 0.2122886999277398, 0.38437800004612654, 0.25418559997342527]",False,0,0.0
uniform,Benchmark Multi-Axis Motion,14,0.05,False,False,False,False,False,False,0.3880541306464703,0.009122254753105123,0.254568360690274,0.09929590118765177,2.808638583416332,4.86144051415722,20.481037338283695,0.017504166052408093,0.09269046801025979,0.09203689999412745,0.10739135998301208,0.14085890003480017,9.26904680102598,1.0,9.341941299964674,9.26904680102598,5.0,100,0,0,"[0.0961248999228701, 0.12118260003626347, 0.09228340000845492, 0.0839210000121966, 0.08845520007889718, 0.08535960002336651, 0.09424120001494884, 0.0896474999608472, 0.09693980007432401, 0.08648429997265339, 0.1107914000749588, 0.07840340002439916, 0.14085890003480017, 0.08692509995307773, 0.08262849994935095, 0.08311249990947545, 0.08119810000061989, 0.09924450004473329, 0.09036140004172921, 0.09646059991791844, 0.09543910005595535, 0.09480079996865243, 0.09200950001832098, 0.09420150006189942, 0.10162739991210401, 0.09356500010471791, 0.08104610000737011, 0.08583070000167936, 0.09965919994283468, 0.1073086999822408, 0.11734350002370775, 0.0860862999688834, 0.10572290001437068, 0.096089500002563, 0.091281000059098, 0.08928050007671118, 0.09656360000371933, 0.08150279999244958, 0.09986449999269098, 0.07611900009214878, 0.07719880004879087, 0.10482760006561875, 0.10896189999766648, 0.10085319995414466, 0.09221789997536689, 0.08682930003851652, 0.10355589992832392, 0.09603920008521527, 0.09102649998385459, 0.09489589999429882, 0.0884554999647662, 0.087549899937585, 0.08909390005283058, 0.08215610007755458, 0.09494149999227375, 0.0968531999969855, 0.07833869999740273, 0.07284969999454916, 0.08835970005020499, 0.08440999989397824, 0.08591870008967817, 0.08766859991010278, 0.09710170002654195, 0.08746700000483543, 0.08189870009664446, 0.08974150009453297, 0.0749862000811845, 0.09043550002388656, 0.10541100008413196, 0.08532810001634061, 0.08740400010719895, 0.10412090003956109, 0.10229609999805689, 0.09749690000899136, 0.08793439995497465, 0.09822439996059984, 0.09206429996993393, 0.08985039999242872, 0.07458690006751567, 0.0816752000246197, 0.09183990000747144, 0.08123850007541478, 0.09672439994756132, 0.08822340006008744, 0.10164029989391565, 0.08728799992240965, 0.0938249999890104, 0.1005818999838084, 0.07320170011371374, 0.09039130003657192, 0.10509800002910197, 0.10601210000459105, 0.09302060003392398, 0.10048700007610023, 0.09404370002448559, 0.08058499998878688, 0.09750969999004155, 0.09892559994477779, 0.1048196000047028, 0.0926006999798119]",False,0,0.0
gmm_heuristic,Benchmark Point-to-Point,15,0.05,True,True,True,True,True,False,0.0,0.0,0.0,0.0,0.29509052156449933,0.48389236601066415,1.6459914284039525,0.04287682265918312,0.17227553999400697,0.16035589994862676,0.2389409249357414,0.3220777999376878,3.4455107998801395,1.0,4.4485623999498785,4.4344377998495474,1.0,20,0,8,"[0.3220777999376878, 0.19749230006709695, 0.19425900001078844, 0.22121480002533644, 0.13333710003644228, 0.14670389995444566, 0.18522870005108416, 0.08214040007442236, 0.1473338999785483, 0.16673259995877743, 0.2345652999356389, 0.13994870008900762, 0.15023989998735487, 0.13319949992001057, 0.22206329996697605, 0.15397919993847609, 0.2193529000505805, 0.16843039996456355, 0.08115939993876964, 0.14605169999413192]",True,48,0.9889269999694079
heuristic,Benchmark Point-to-Point,15,0.05,True,True,True,True,True,False,0.0,0.0,0.0,0.0,0.29509052156449933,0.48389236601066415,1.6459914284039525,0.04287682265918312,0.27966762500582265,0.28882175002945587,0.4231372150417883,0.45660410006530583,5.593352500116453,1.0,5.6089055999182165,5.593352500116453,1.0,20,0,8,"[0.2352381000528112, 0.2930366999935359, 0.1331462999805808, 0.2394377999007702, 0.2084544999524951, 0.4183682999573648, 0.12658480007667094, 0.11680649989284575, 0.42137580004055053, 0.22669330006465316, 0.2880027999635786, 0.45660410006530583, 0.28964070009533316, 0.29353040002752095, 0.37478790001478046, 0.30631180002819747, 0.18695450003724545, 0.39213079994078726, 0.3619145000120625, 0.22433290001936257]",False,0,0.0
uniform,Benchmark Point-to-Point,15,0.05,False,False,True,False,False,False,0.28494264217288334,0.008858751215219507,0.23742335026825576,0.10305803078534953,2.809755148961742,3.064785011171614,9.92820759659503,0.03803877910456133,0.08629845999879762,0.08626430004369467,0.10251751999021508,0.111714500002563,8.629845999879763,0.99,8.700374400010332,8.629845999879763,5.0,100,0,0,"[0.0948318000882864, 0.08108929998707026, 0.08626470004674047, 0.09335760003887117, 0.0866609999211505, 0.08225460001267493, 0.09618450002744794, 0.08673560002353042, 0.07836470007896423, 0.07846600003540516, 0.08248069998808205, 0.08557829994242638, 0.08885259996168315, 0.07844340009614825, 0.08884719992056489, 0.09158259991090745, 0.0819835999282077, 0.08760420000180602, 0.07256739994045347, 0.0810722999740392, 0.07591320003848523, 0.07101529999636114, 0.08157690009102225, 0.07768220000434667, 0.08434479997958988, 0.07900750008411705, 0.09778830001596361, 0.111714500002563, 0.10247889999300241, 0.09150979993864894, 0.08456899994052947, 0.08498619997408241, 0.0854471999919042, 0.0916529999813065, 0.07288049999624491, 0.07999210001435131, 0.07961870008148253, 0.08679980004671961, 0.08983589999843389, 0.09150569990742952, 0.08804569998756051, 0.0953648000722751, 0.08792389999143779, 0.08725149999372661, 0.08460249996278435, 0.07957559998612851, 0.07369370001833886, 0.08627830003388226, 0.09485180000774562, 0.08860719995573163, 0.09866919997148216, 0.060214699944481254, 0.10407779994420707, 0.09740400000009686, 0.08484319993294775, 0.08329780003987253, 0.10181799996644258, 0.08051629993133247, 0.08724410005379468, 0.08726629999000579, 0.09638600004836917, 0.0939797000028193, 0.0698734000325203, 0.0771712000714615, 0.06758989999070764, 0.07445680000819266, 0.08416099997702986, 0.07209020003210753, 0.0849249999737367, 0.07826429989654571, 0.08570930000860244, 0.09317339991685003, 0.09276240004692227, 0.08091619994957, 0.1020843000151217, 0.09541229996830225, 0.1021082999650389, 0.0928702000528574, 0.09607259999029338, 0.07857500005047768, 0.06914190005045384, 0.0831266000168398, 0.08237239997833967, 0.09242579992860556, 0.08468909992370754, 0.10368999990168959, 0.09683290007524192, 0.08626390004064888, 0.04539670003578067, 0.06524899997748435, 0.07673310011159629, 0.08020940003916621, 0.09499660006258637, 0.09820840007159859, 0.09462969994638115, 0.10042939998675138, 0.1065187999047339, 0.09152660006657243, 0.10325129993725568, 0.08048490004148334]",False,0,0.0
gmm_heuristic,Benchmark Obstacle Detour,15,0.05,False,False,False,False,False,False,0.49791997397757815,0.0007302718667189616,0.08244050565823285,0.2344923333644228,2.5137782205274113,10.792338346336816,28.45978706087281,0.0005471962050137558,0.2835891429963522,0.2649136499967426,0.49047543993801807,0.6469714000122622,28.358914299635217,1.0,30.58389430004172,30.3580211995868,5.0,100,9,6,"[0.6469714000122622, 0.3155176000436768, 0.25112139992415905, 0.2396487999940291, 0.12507059995550662, 0.33705869992263615, 0.5902263999450952, 0.2868599999928847, 0.18778590008150786, 0.2012321000220254, 0.20386889996007085, 0.19185080006718636, 0.1045254000928253, 0.5261706999735907, 0.36438439995981753, 0.24291649996303022, 0.3191324999788776, 0.0911893000593409, 0.09633680002298206, 0.36059799999929965, 0.4150652000680566, 0.1020528000080958, 0.4469475999940187, 0.19218989997170866, 0.44021709996741265, 0.32487510005012155, 0.2260652999393642, 0.27542810002341866, 0.11508569994475693, 0.40059889992699027, 0.19467410002835095, 0.6459248999599367, 0.41836859995964915, 0.28958260000217706, 0.0866617999272421, 0.2214883000124246, 0.22677539999131113, 0.31560430000536144, 0.44835689989849925, 0.21202109998557717, 0.2094487000722438, 0.28331440000329167, 0.38052959996275604, 0.24055260000750422, 0.0813440999481827, 0.4894570999313146, 0.07655190001241863, 0.11981279996689409, 0.16874990006908774, 0.32608689996413887, 0.4053700000513345, 0.4202170999487862, 0.28746730007696897, 0.4636221000691876, 0.24690130003727973, 0.2797256000339985, 0.2858201999915764, 0.10113429999910295, 0.3442598000401631, 0.4496711000101641, 0.29735620005521923, 0.22142760001588613, 0.18891309993341565, 0.3351054999511689, 0.22158559993840754, 0.3474730000598356, 0.21822869998868555, 0.4339497999753803, 0.21385079994797707, 0.19768820004537702, 0.2210893000010401, 0.342998499982059, 0.13793399999849498, 0.30364339996594936, 0.3258940000087023, 0.2025401999708265, 0.23316709999926388, 0.21349560003727674, 0.45021039992570877, 0.47808290005195886, 0.21134859998710454, 0.10961550008505583, 0.3657011999748647, 0.3858997999923304, 0.22358850005548447, 0.19285829993896186, 0.22308359993621707, 0.3352685000281781, 0.35037420003209263, 0.32845130003988743, 0.4691816000267863, 0.1175848999992013, 0.19834369991440326, 0.11602529999800026, 0.5098239000653848, 0.25439919997006655, 0.2519865999929607, 0.11371959990356117, 0.33615310001187027, 0.34038629999849945]",True,18,1.9991068999515846
heuristic,Benchmark Obstacle Detour,15,0.05,False,False,False,False,False,False,0.4568614433559717,0.0020000000000000018,0.09244949153992907,0.2121998498844615,2.683323102190039,10.528388957082042,26.724487484669577,0.0006979715757243626,0.4639675420115236,0.46029264997923747,0.8330603649897966,0.9329826000612229,46.39675420115236,1.0,46.64244660001714,46.39675420115236,5.0,100,3,4,"[0.3854355999501422, 0.5558227000292391, 0.3327807999448851, 0.34288939996622503, 0.8711562999524176, 0.2046212999848649, 0.5396591000026092, 0.5167854999890551, 0.22623479994945228, 0.3310607000021264, 0.49506779992952943, 0.31967670004814863, 0.3254381000297144, 0.4694515001028776, 0.46352349990047514, 0.5648534999927506, 0.19766589999198914, 0.33201290003489703, 0.4354474999709055, 0.5045236999867484, 0.35475669999141246, 0.5464840999338776, 0.8180763999698684, 0.9329826000612229, 0.7880546000087634, 0.42759100010152906, 0.6093842999543995, 0.3407728000311181, 0.4994835000252351, 0.23690260003786534, 0.3857185000088066, 0.4645147999981418, 0.27507189998868853, 0.25762539997231215, 0.4217939000809565, 0.5319488999666646, 0.7508633000543341, 0.4473241000669077, 0.5001236000098288, 0.5546798000577837, 0.32823530002497137, 0.19229339994490147, 0.284492600010708, 0.7170526999980211, 0.3109417000086978, 0.87109979998786, 0.6335648000240326, 0.16082360001746565, 0.29163160000462085, 0.5033087000483647, 0.28090899996459484, 0.42536110000219196, 0.5155968999024481, 0.2877113000722602, 0.7503769000759348, 0.6474980000639334, 0.5013899999903515, 0.37296429998241365, 0.4570618000579998, 0.40499219996854663, 0.8394208999816328, 0.08654029993340373, 0.8643416999839246, 0.8327255999902263, 0.4065329000586644, 0.5385685000801459, 0.30357119999825954, 0.5785080000059679, 0.31395940005313605, 0.3692304000724107, 0.37937199999578297, 0.3571822000667453, 0.1871977000264451, 0.26814980001654476, 0.5463596000336111, 0.08873990003485233, 0.5179688000353053, 0.5036230999976397, 0.4674677000148222, 0.47028929996304214, 0.3542709000175819, 0.45204890007153153, 0.09552760003134608, 0.31988160009495914, 0.7033279000315815, 0.5365288000321016, 0.5687322999583557, 0.4915528000565246, 0.383194399997592, 0.44934210006613284, 0.4981469000922516, 0.48239660006947815, 0.7480219000717625, 0.6224758999887854, 0.4543869999470189, 0.8045533000258729, 0.580368300084956, 0.6177130999276415, 0.5713943999726325, 0.2475747000426054]",False,0,0.0
uniform,Benchmark Obstacle Detour,15,0.05,False,False,True,False,False,False,0.1867202240950678,0.007667233697598683,0.20021007636570326,0.025508420204148636,2.81883728703891,7.585618557181104,13.48884948524501,0.0020799233624206326,0.12212362799677066,0.11457099998369813,0.1940200299897697,0.1990787999238819,12.212362799677067,1.0,12.334671200020239,12.212362799677067,5.0,100,2,0,"[0.09931350010447204, 0.08513139991555363, 0.09631260007154197, 0.12324679992161691, 0.1191794000333175, 0.1568053999217227, 0.1421408000169322, 0.11501690000295639, 0.12565850000828505, 0.09348650008905679, 0.11418879998382181, 0.09936240001115948, 0.11318159999791533, 0.1317804999416694, 0.10317599994596094, 0.09681730007287115, 0.10074650007300079, 0.0889382999157533, 0.11944580008275807, 0.1647067000158131, 0.10745839995797724, 0.10582340008113533, 0.09286120010074228, 0.09303989994805306, 0.09080709994304925, 0.11576489999424666, 0.09771250002086163, 0.09632310003507882, 0.14052040001843125, 0.14667749998625368, 0.12086849997285753, 0.14450070005841553, 0.1259966999059543, 0.10182860004715621, 0.11464409995824099, 0.14039660000707954, 0.14521310001146048, 0.13091830001212656, 0.15658469998743385, 0.12339279998559505, 0.16454440006054938, 0.18644139997195452, 0.1990787999238819, 0.16950469999574125, 0.1949484000215307, 0.19447470002342016, 0.1951695999596268, 0.1939960999879986, 0.19711539999116212, 0.16782720002811402, 0.18846749991644174, 0.14110629993956536, 0.11320589995011687, 0.14625929994508624, 0.09341400000266731, 0.1269833999685943, 0.10728320002090186, 0.10360479995142668, 0.10274730005767196, 0.13269769994076341, 0.11815059999935329, 0.12709770002402365, 0.11449790000915527, 0.10828449996188283, 0.13304029998835176, 0.12032699992414564, 0.11351190006826073, 0.11281610000878572, 0.1284213000908494, 0.10370310000143945, 0.12214930006302893, 0.12189099995885044, 0.10468230000697076, 0.12351780000608414, 0.10793919989373535, 0.09165640000719577, 0.11215760000050068, 0.11354689998552203, 0.12843939999584109, 0.12668630003463477, 0.0852536999154836, 0.09448220010381192, 0.10041650000493973, 0.13061139988712966, 0.11298709991388023, 0.08688770001754165, 0.0850196999963373, 0.10651830001734197, 0.12977440003305674, 0.09654399997089058, 0.09477979992516339, 0.10575969994533807, 0.09908499999437481, 0.1281841000309214, 0.0986712999874726, 0.11074050003662705, 0.08576400007586926, 0.10415220004506409, 0.13096239999867976, 0.09441389993298799]",False,0,0.0
gmm_heuristic,Benchmark Multi-Axis Motion,15,0.05,True,True,True,True,True,False,0.0,0.0,0.0,0.0,0.5166380554375446,3.749093434317682,6.701798887860491,0.02680004681646915,0.16674031071930326,0.15651330002583563,0.27263917002128435,0.32060249999631196,4.668728700140491,1.0,5.667338699917309,5.6496262000873685,1.4000000000000001,28,0,8,"[0.32060249999631196, 0.1750591000309214, 0.22055010008625686, 0.23554770008195192, 0.13216189993545413, 0.13537000003270805, 0.19205009995494038, 0.08020710002165288, 0.11870990006718785, 0.13947699998971075, 0.16898580000270158, 0.13591499999165535, 0.14522579999174923, 0.20814709994010627, 0.18124720000196248, 0.1401448999531567, 0.1400491000385955, 0.11508200003299862, 0.28443620004691184, 0.11423259996809065, 0.1592285999795422, 0.2507303999736905, 0.07276030001230538, 0.11966780002694577, 0.15891080000437796, 0.20097020000685006, 0.16914369992446154, 0.1541158000472933]",True,48,0.9808974999468774
heuristic,Benchmark Multi-Axis Motion,15,0.05,True,True,True,True,True,False,0.0,0.0,0.0,0.0,0.5180029752115716,3.749479280549164,6.701819060099208,0.02680004681646915,0.25747793213979875,0.24996245000511408,0.37813499502371994,0.44537049997597933,7.2093820999143645,1.0,7.229386399965733,7.2093820999143645,1.4000000000000001,28,0,8,"[0.2600312000140548, 0.3778435999993235, 0.15455659991130233, 0.2796181000303477, 0.37829190003685653, 0.2099493999266997, 0.189157500048168, 0.19955049990676343, 0.1402517999522388, 0.2071256999624893, 0.2744935000082478, 0.3169335999991745, 0.23450729995965958, 0.1828785000834614, 0.2990290999878198, 0.3477634000591934, 0.12373039999511093, 0.3086815000278875, 0.2795782999601215, 0.3362417999887839, 0.27973289997316897, 0.3467825000407174, 0.18481500004418194, 0.19789460010360926, 0.44537049997597933, 0.22977069998160005, 0.18490849994122982, 0.23989369999617338]",False,0,0.0
uniform,Benchmark Multi-Axis Motion,15,0.05,False,False,True,False,False,False,0.24815690972729607,0.004059223864646341,0.12344566995937792,0.0907886459231549,2.7986263768709563,4.782855298138252,16.22275622453725,0.02680004681646915,0.08548860300448723,0.08528655004920438,0.09792687497683801,0.10193739994429052,8.548860300448723,1.0,8.619888599961996,8.548860300448723,5.0,100,0,0,"[0.09862559998873621, 0.08291210001334548, 0.08186030003707856, 0.08366160001605749, 0.09669989999383688, 0.08590649999678135, 0.07909510005265474, 0.07617040001787245, 0.0971566999796778, 0.08541900001000613, 0.07826900004874915, 0.0868250000057742, 0.08695330005139112, 0.08656019996851683, 0.08501310006249696, 0.08000409998930991, 0.08409439993556589, 0.07291339989751577, 0.08102399995550513, 0.07598110008984804, 0.08433430001605302, 0.07296070002485067, 0.07191629998851568, 0.08691990002989769, 0.08013280003797263, 0.0851115999976173, 0.07889370003249496, 0.09138570004142821, 0.09211389999836683, 0.08630780002567917, 0.07286630000453442, 0.08425449999049306, 0.09593199996743351, 0.08876060007605702, 0.08430960006080568, 0.08706410008016974, 0.08312389999628067, 0.07812690001446754, 0.07515709998551756, 0.0709696999983862, 0.08097829995676875, 0.0770931999431923, 0.07925450010225177, 0.07517959992401302, 0.09050499997101724, 0.09596069995313883, 0.0898221000097692, 0.09050619998015463, 0.08218839997425675, 0.08315740001853555, 0.08581499999854714, 0.09488540003076196, 0.08918409992475063, 0.0972384000197053, 0.0875994999660179, 0.07605730008799583, 0.08757279999554157, 0.07721120002679527, 0.1002343000145629, 0.09789009997621179, 0.09056710009463131, 0.08432280004490167, 0.08515410008840263, 0.08008380001410842, 0.07887840003240854, 0.09179119998589158, 0.08352019998710603, 0.09234269999433309, 0.09396630001720041, 0.0760188999120146, 0.09010459994897246, 0.09063700004480779, 0.08993829996325076, 0.09156450000591576, 0.09419650002382696, 0.0901646000565961, 0.09044190007261932, 0.07160010002553463, 0.09115530003327876, 0.09982560004573315, 0.08283059997484088, 0.08834779995959252, 0.09497490001376718, 0.08256560005247593, 0.07027629995718598, 0.09080020000692457, 0.09042899997439235, 0.08385180006735027, 0.08319799997843802, 0.08602809999138117, 0.10193739994429052, 0.08635120000690222, 0.08876489999238402, 0.09338829992339015, 0.10054459993261844, 0.08396399999037385, 0.07831839995924383, 0.07404940004926175, 0.07897499995306134, 0.07887119997758418]",False,0,0.0
gmm_heuristic,Benchmark Point-to-Point,16,0.05,True,True,True,True,True,False,0.0,0.0,0.0,0.0,0.29509052156449933,0.48389236601066415,1.6459914284039525,0.04287682265918312,0.17726777500938623,0.16733569995267317,0.28989642006345095,0.30499800003599375,3.545355500187725,1.0,4.489906999981031,4.476397100137547,1.0,20,0,8,"[0.30499800003599375, 0.19465010007843375, 0.16596899996511638, 0.13484169996809214, 0.28910160006489605, 0.19830910000018775, 0.11643339996226132, 0.14853350003249943, 0.24361300002783537, 0.09541690000332892, 0.14059439999982715, 0.0809151999419555, 0.22086280002258718, 0.13547980005387217, 0.14093039999715984, 0.2016616000328213, 0.16500339994672686, 0.16870239994022995, 0.19708250008989125, 0.20225670002400875]",True,48,0.9310415999498218
heuristic,Benchmark Point-to-Point,16,0.05,True,True,True,True,True,False,0.0,0.0,0.0,0.0,0.29509052156449933,0.48389236601066415,1.6459914284039525,0.04287682265918312,0.25048382998793384,0.23067329998593777,0.36181178504484707,0.4021712999092415,5.009676599758677,1.0,5.022638999973424,5.009676599758677,1.0,20,0,8,"[0.3596876000519842, 0.13559950003400445, 0.3272986999945715, 0.32983339997008443, 0.19085560005623847, 0.28656999999657273, 0.23062919999938458, 0.1836640000110492, 0.1995987999252975, 0.17846450000070035, 0.23071739997249097, 0.22764909989200532, 0.13970549998339266, 0.23673819995019585, 0.26153050002176315, 0.4021712999092415, 0.22272029996383935, 0.32530929998029023, 0.21763550001196563, 0.3232982000336051]",False,0,0.0
uniform,Benchmark Point-to-Point,16,0.05,False,False,True,False,False,False,0.3372715856124155,0.001353312399522029,0.08002133618465401,0.14286835667732325,2.9352773900988933,2.9120850531804,10.20145084172,0.03805080019995505,0.0931445430079475,0.09110409999266267,0.11290657502831891,0.16140649991575629,9.31445430079475,1.0,9.389707900001667,9.31445430079475,5.0,100,0,0,"[0.10537289991043508, 0.11773970001377165, 0.09469409997109324, 0.10029550001490861, 0.11286440002731979, 0.10983790003228933, 0.08034109999425709, 0.08811890007928014, 0.10565259994473308, 0.10061840002890676, 0.08945670002140105, 0.09599119995255023, 0.07267149991821498, 0.08805749996099621, 0.09572189999744296, 0.08672260004095733, 0.09698000003118068, 0.08419860003050417, 0.08711239998228848, 0.09570990002248436, 0.07561219995841384, 0.08092700003180653, 0.07505890005268157, 0.07685059995856136, 0.16140649991575629, 0.09333130007144064, 0.08022020000498742, 0.10575919994153082, 0.08344800001941621, 0.0849259999813512, 0.09947340004146099, 0.102895199903287, 0.10358839994296432, 0.08858530002180487, 0.09966469998471439, 0.08994530001655221, 0.10411920002661645, 0.0858240999514237, 0.08381759992334992, 0.08537420001812279, 0.06293550005648285, 0.0623016000026837, 0.08651799999643117, 0.08382900001015514, 0.09797480003908277, 0.08871559996623546, 0.07664390001446009, 0.10118260001763701, 0.09376190009061247, 0.11370790004730225, 0.09987220005132258, 0.0799438999965787, 0.0878137000836432, 0.09021049994044006, 0.1184486000565812, 0.09691790002398193, 0.08215500006917864, 0.09829230001196265, 0.1012478000484407, 0.08762160001788288, 0.09049130009952933, 0.10107620002236217, 0.10200059995986521, 0.10116950003430247, 0.105443200096488, 0.087682000012137, 0.10033009992912412, 0.09097779996227473, 0.0889026999939233, 0.09971720003522933, 0.11868049995973706, 0.09023850003723055, 0.0803394999820739, 0.08440230006817728, 0.10634020005818456, 0.10077480005566031, 0.11038729990832508, 0.10470209992490709, 0.09848849999252707, 0.10001240007113665, 0.08849140000529587, 0.07685030007269233, 0.082600700086914, 0.0817833999171853, 0.09304459998384118, 0.11067790002562106, 0.10400030005257577, 0.10207430005539209, 0.07571430003736168, 0.0772364999866113, 0.07896319997962564, 0.08450650004670024, 0.0903682999778539, 0.07763329998124391, 0.08517340000253171, 0.09206390008330345, 0.0983702999074012, 0.0836801000405103, 0.0912304000230506, 0.09875510004349053]",False,0,0.0
gmm_heuristic,Benchmark Obstacle Detour,16,0.05,False,False,False,False,False,False,0.3739014059185835,0.0,0.07299184954802461,0.16690054576191388,2.37638996734463,10.940826575238292,24.854399432792082,0.0005544605226639188,0.2702744659967721,0.23302205000072718,0.5092033650144002,0.62780329992529,27.027446599677205,1.0,28.753009799984284,28.542655099648982,5.0,100,9,7,"[0.4610684000654146, 0.3612585000228137, 0.23828209994826466, 0.37480470002628863, 0.5053455999586731, 0.2242122000316158, 0.3942312999861315, 0.6201062999898568, 0.2740058000199497, 0.12285419995896518, 0.12125049997121096, 0.21991300000809133, 0.09200369997415692, 0.0862912000156939, 0.0886542999651283, 0.4826227000448853, 0.4280640999786556, 0.18409660004545003, 0.21382419997826219, 0.3736237999983132, 0.23821920005138963, 0.35863239993341267, 0.20561239996459335, 0.35591029992792755, 0.23456010001245886, 0.11273059993982315, 0.2259339999873191, 0.3933387999422848, 0.10787770000752062, 0.4674301999621093, 0.16216199996415526, 0.3115746999392286, 0.10320249991491437, 0.09433720004744828, 0.24435920000541955, 0.20028119999915361, 0.10745030001271516, 0.19542360003106296, 0.096635099966079, 0.5067137000150979, 0.62780329992529, 0.2275725998915732, 0.2457741000689566, 0.21834579994902015, 0.09847510000690818, 0.3604456000030041, 0.20376720000058413, 0.3557095000287518, 0.24384160002227873, 0.1919816000154242, 0.0836905000032857, 0.09169959998689592, 0.18610789999365807, 0.27253670000936836, 0.5963036000030115, 0.28395790001377463, 0.20165019994601607, 0.11346949997823685, 0.5715887000551447, 0.2625160999596119, 0.0978604000993073, 0.3602387000573799, 0.2986328999977559, 0.3757334001129493, 0.21362659998703748, 0.16306590009480715, 0.3377741000149399, 0.17151999997440726, 0.10388589999638498, 0.1723473999882117, 0.38376739993691444, 0.3219295999733731, 0.23196789994835854, 0.23079699999652803, 0.4060910999542102, 0.5565070000011474, 0.26582269999198616, 0.23744960001204163, 0.22363220003899187, 0.11855150002520531, 0.47026610001921654, 0.2861529999645427, 0.36228440003469586, 0.19753579993266612, 0.3825447999406606, 0.42085630004294217, 0.20695719996001571, 0.20399529999122024, 0.2184847000753507, 0.1953252999810502, 0.083667500060983, 0.4482210000278428, 0.43580069998279214, 0.23352679994422942, 0.23251730005722493, 0.48238399997353554, 0.1767404000274837, 0.3726572000887245, 0.11972299998160452, 0.20046899991575629]",True,15,1.5152084999717772
heuristic,Benchmark Obstacle Detour,16,0.05,True,True,True,True,True,False,0.0,0.0,0.0,0.0,2.2860014450117703,8.337133485523797,14.291274480990774,0.0008919051431786756,0.47792477717967297,0.46351039997534826,0.8548345249961131,0.9821184000466019,43.969079500529915,1.0,44.189486199989915,43.969079500529915,4.6000000000000005,92,1,9,"[0.6088769000489265, 0.4019504999741912, 0.3228575000539422, 0.7926403000019491, 0.5816034999443218, 0.7301900999154896, 0.20850450010038912, 0.440291800070554, 0.2922109999926761, 0.19885869999416173, 0.2994098999770358, 0.29076680005528033, 0.29371090000495315, 0.41019970003981143, 0.567691000062041, 0.4392126000020653, 0.18203199992422014, 0.40294260007794946, 0.47540450002998114, 0.16809789999388158, 0.35108349996153265, 0.3240503999404609, 0.5350374000845477, 0.2480257999850437, 0.4083317000186071, 0.581042299978435, 0.36531400005333126, 0.3602718999609351, 0.19459530001040548, 0.23942779994104058, 0.4937180000124499, 0.579556200071238, 0.20595859992317855, 0.35704590007662773, 0.46321630000602454, 0.5801129000028595, 0.39237899996805936, 0.5042003999697044, 0.4456101000541821, 0.3102394000161439, 0.4865396999521181, 0.49495740002021194, 0.09902620001230389, 0.3702742999885231, 0.4914068999933079, 0.8132663000142202, 0.46253330004401505, 0.3395366999320686, 0.22047079994808882, 0.7377233000006527, 0.7833759000059217, 0.7832784000784159, 0.4227057999232784, 0.5850020999787375, 0.5689160000765696, 0.541869500069879, 0.6075362999690697, 0.7129450000356883, 0.8624720999505371, 0.5779200000688434, 0.6036720999982208, 0.732296000001952, 0.2506619000341743, 0.8954985999735072, 0.5379729000851512, 0.7112573999911547, 0.506353999953717, 0.35854489996563643, 0.2402868999633938, 0.7187065000180155, 0.7162952000508085, 0.35347949992865324, 0.9646014999598265, 0.5994342999765649, 0.4941842999542132, 0.8485856000334024, 0.6300344000337645, 0.44807490007951856, 0.4872476999880746, 0.36278219998348504, 0.2229199999710545, 0.10239080002065748, 0.463804499944672, 0.35657639999408275, 0.7389732000883669, 0.8738423000322655, 0.37813600001391023, 0.2341965000377968, 0.5326546999858692, 0.9821184000466019, 0.09859780000988394, 0.5164725000504404]",False,0,0.0
uniform,Benchmark Obstacle Detour,16,0.05,False,False,False,False,False,False,0.3419539019903447,0.01827008371684949,0.46918374156819165,0.043906871209139074,2.7936756415637207,11.035306364691955,24.674480545902757,0.0025162801826621034,0.12799795400118455,0.12400334991980344,0.18878839500248432,0.21322649996727705,12.799795400118455,1.0,12.910623400006443,12.799795400118455,5.0,100,0,0,"[0.11079199996311218, 0.08839659998193383, 0.0834662999259308, 0.08846640004776418, 0.08610209997277707, 0.09058039996307343, 0.08657080004923046, 0.09790440008509904, 0.09550399996805936, 0.1074280000757426, 0.10003029997460544, 0.10459570004604757, 0.08830619999207556, 0.08078259998001158, 0.09233249991666526, 0.08502190001308918, 0.10355870006605983, 0.08704650006256998, 0.09002839995082468, 0.09620660007931292, 0.0846655999775976, 0.10592899995390326, 0.1322033000178635, 0.13704079994931817, 0.10060799994971603, 0.11637219996191561, 0.11132350005209446, 0.12445060000754893, 0.09792640001978725, 0.1074957000091672, 0.09711630002129823, 0.14050560002215207, 0.1340106000425294, 0.10141160001512617, 0.11325160006526858, 0.11391319998074323, 0.10029380000196397, 0.13410599995404482, 0.1900175999617204, 0.17491469997912645, 0.1887237000046298, 0.12942539993673563, 0.09827850002329797, 0.11216349992901087, 0.13450209994334728, 0.17390390008222312, 0.1388912999536842, 0.11415329994633794, 0.1286250000121072, 0.1571299999486655, 0.1243462999118492, 0.14329709997400641, 0.15331009996589273, 0.12366039992775768, 0.1005028000799939, 0.13599719991907477, 0.1421934999525547, 0.12508000002708286, 0.13634700002148747, 0.11519829998724163, 0.16525059996638447, 0.18376870010979474, 0.21322649996727705, 0.19259260001126677, 0.1493300999281928, 0.14980789995752275, 0.13191820005886257, 0.1395827999804169, 0.13409810001030564, 0.16609050007537007, 0.1499769000802189, 0.13073189998976886, 0.19194029993377626, 0.17591190000530332, 0.11703169997781515, 0.15076099999714643, 0.10136660002171993, 0.10685780004132539, 0.17682100005913526, 0.18772529996931553, 0.11738479998894036, 0.20312169997487217, 0.11557080002967268, 0.11584089999087155, 0.11016620008740574, 0.16135419998317957, 0.11557270004414022, 0.13487519999034703, 0.14579540002159774, 0.14627270004712045, 0.12026660004630685, 0.184981600032188, 0.12505070003680885, 0.11481980001553893, 0.17425530008040369, 0.15121919999364763, 0.11140439996961504, 0.13440199999604374, 0.1200376000488177, 0.12620729999616742]",False,0,0.0
gmm_heuristic,Benchmark Multi-Axis Motion,16,0.05,True,True,True,True,True,False,0.0,0.0,0.0,0.0,0.5166380554375446,3.7496295782667923,6.701798887860491,0.02680004681646915,0.16644770001377246,0.16185365006094798,0.25765121501171956,0.2917232000036165,4.660535600385629,1.0,5.729567699949257,5.706643400364555,1.4000000000000001,28,0,8,"[0.2917232000036165, 0.20152770006097853, 0.1764182000188157, 0.2194510999834165, 0.08845290006138384, 0.08800610003527254, 0.1400930000236258, 0.14004759991075844, 0.09553020005114377, 0.10624500003177673, 0.2262568000005558, 0.2745559000177309, 0.1374301000032574, 0.09062620007898659, 0.22024679998867214, 0.2067126000765711, 0.1833563999971375, 0.14728910010308027, 0.19845179992262274, 0.18684710003435612, 0.2249992999713868, 0.08018270006868988, 0.18526549998205155, 0.13850090000778437, 0.13897349999751896, 0.1460341999772936, 0.137135999975726, 0.1901757000014186]",True,48,1.0461077999789268
heuristic,Benchmark Multi-Axis Motion,16,0.05,True,True,True,True,True,False,0.0,0.0,0.0,0.0,0.5166380554375446,3.7494315246661216,6.701798887860491,0.02680004681646915,0.2527709214316149,0.23779894999461249,0.3834047800453845,0.47781359998043627,7.077585800085217,1.0,7.0977482999442145,7.077585800085217,1.4000000000000001,28,0,8,"[0.39688580005895346, 0.1349454999435693, 0.1614924999885261, 0.23641789995599538, 0.3583686000201851, 0.25093049998395145, 0.19122610008344054, 0.28746300004422665, 0.23418349993880838, 0.23502699995879084, 0.19699369999580085, 0.18819390004500747, 0.2261953999986872, 0.47781359998043627, 0.17810889997053891, 0.2845878000371158, 0.17114949994720519, 0.27281250001396984, 0.2391800000332296, 0.19979620003141463, 0.2401522999862209, 0.2907724999822676, 0.3378622999880463, 0.3493476000148803, 0.1866139000048861, 0.3380993000464514, 0.27836420002859086, 0.13460180000402033]",False,0,0.0
uniform,Benchmark Multi-Axis Motion,16,0.05,False,False,False,False,False,False,0.1910728929104405,7.956521975301806e-05,0.05230372385584768,0.06363066913395772,2.8167849602697546,4.285331312238576,13.6476407271065,0.02680004681646915,0.084881813992979,0.08472594997147098,0.10449191502993926,0.1276563999708742,8.4881813992979,0.98,8.554312899941579,8.4881813992979,5.0,100,0,0,"[0.05248309997841716, 0.0540534999454394, 0.08010989998001605, 0.11518290010280907, 0.0805458000395447, 0.07465500000398606, 0.07496889994945377, 0.07115479989442974, 0.08229690010193735, 0.08506129996385425, 0.1276563999708742, 0.09828779997769743, 0.08417839999310672, 0.08613190008327365, 0.07473870005924255, 0.10771289991680533, 0.09560779994353652, 0.08209629997145385, 0.07960349996574223, 0.081468699965626, 0.07637500006239861, 0.08404420001897961, 0.07704060000833124, 0.09044539998285472, 0.08254909992683679, 0.08658909995574504, 0.0945399000775069, 0.09329610003624111, 0.08896319998893887, 0.07594050001353025, 0.08526959992013872, 0.08691189996898174, 0.08603669994045049, 0.08601059997454286, 0.0814572999952361, 0.0832251999527216, 0.07769519998691976, 0.08463459997437894, 0.1031933999620378, 0.0922555000288412, 0.08396300009917468, 0.0819914999883622, 0.08070419996511191, 0.09488129999954253, 0.07574030000250787, 0.09187969996128231, 0.07360859995242208, 0.07408239995129406, 0.07569450000301003, 0.06888390006497502, 0.0835246000206098, 0.09091180004179478, 0.10604069998953491, 0.08989429997745901, 0.10110570001415908, 0.07942530000582337, 0.08105029992293566, 0.07890299998689443, 0.10980299999937415, 0.09233619994483888, 0.09100069990381598, 0.10441040003206581, 0.08963950001634657, 0.0956737999804318, 0.07365839998237789, 0.0738001000136137, 0.0737504999851808, 0.0750527000054717, 0.0780520000262186, 0.09515720000490546, 0.09114659996703267, 0.0866702999919653, 0.09319070004858077, 0.07719700003508478, 0.03181159996893257, 0.04846499999985099, 0.0924345999956131, 0.0818000000435859, 0.07941719994414598, 0.08020550000946969, 0.08454149996396154, 0.09091699996497482, 0.09507450007367879, 0.09376519999932498, 0.0908274999819696, 0.08579939999617636, 0.08188290009275079, 0.08423650008626282, 0.09189239994157106, 0.09192989999428391, 0.09062409994658083, 0.07376810000278056, 0.08481729996856302, 0.08609520003665239, 0.07571029989048839, 0.08690230001229793, 0.08782559994142503, 0.09446039993781596, 0.09738960000686347, 0.08829600003082305]",False,0,0.0
gmm_heuristic,Benchmark Point-to-Point,17,0.05,True,True,True,True,True,False,0.0,0.0,0.0,0.0,0.2954850730041794,0.48497579045797534,1.6491517711724024,0.04287682265918312,0.14887741002021357,0.13571040000533685,0.22625225505325944,0.24113219999708235,2.9775482004042715,1.0,3.9026166000403464,3.888194000464864,1.0,20,0,7,"[0.2056929999962449, 0.13824999995995313, 0.14653330005239695, 0.0839319999795407, 0.12782290007453412, 0.1261616999981925, 0.14448839996475726, 0.12897620000876486, 0.13317080005072057, 0.11483239999506623, 0.12567970005329698, 0.09752290009055287, 0.24113219999708235, 0.19659770000725985, 0.22546910005621612, 0.21369820006657392, 0.13861170003656298, 0.09384760004468262, 0.1649095999309793, 0.13021880004089326]",True,48,0.9106458000605926
heuristic,Benchmark Point-to-Point,17,0.05,True,True,True,True,True,False,0.0,0.0,0.0,0.0,0.29509052156449933,0.4837855292180497,1.6459914284039525,0.04287682265918312,0.2585285199980717,0.248534899961669,0.3866450999805238,0.3976422999985516,5.170570399961434,1.0,5.18318970000837,5.170570399961434,1.0,20,0,8,"[0.23905139998532832, 0.24414309998974204, 0.25292669993359596, 0.22154779999982566, 0.33236950007267296, 0.19779540004674345, 0.3148353999713436, 0.15404499997384846, 0.3279475999297574, 0.11553589999675751, 0.2733468000078574, 0.2905984000535682, 0.19021700008306652, 0.18014519999269396, 0.386066299979575, 0.22582269995473325, 0.30524050001986325, 0.3976422999985516, 0.3107088999822736, 0.21058449998963624]",False,0,0.0
uniform,Benchmark Point-to-Point,17,0.05,False,False,True,False,False,False,0.29633116741709525,0.001978123172304301,0.10513034168310843,0.10594324697196329,2.833053290075818,3.0557585079452623,9.474118045255128,0.038863224701880916,0.08313364900765009,0.08027014997787774,0.10193633491871877,0.11182370001915842,8.31336490076501,1.0,8.383846000069752,8.31336490076501,5.0,100,0,0,"[0.06759420002344996, 0.10591579996980727, 0.09487260004971176, 0.10680099995806813, 0.08854949998203665, 0.09262290003243834, 0.09663259994704276, 0.11182370001915842, 0.08254440000746399, 0.08766680001281202, 0.08631120005156845, 0.08599390008021146, 0.09131149994209409, 0.07579010003246367, 0.08019849995616823, 0.07691970001906157, 0.06820490001700819, 0.08332570001948625, 0.07397739996667951, 0.07033340004272759, 0.07546700001694262, 0.07421490002889186, 0.07253400003537536, 0.0709082999965176, 0.07065639994107187, 0.07526109996251762, 0.093862000037916, 0.07582000002730638, 0.0742836999706924, 0.0719321999931708, 0.07259150000754744, 0.07810729998163879, 0.08253070001956075, 0.07602439995389432, 0.09666549996472895, 0.09029180009383708, 0.09946009994018823, 0.07698679994791746, 0.0796778000658378, 0.10179619991686195, 0.07418180000968277, 0.07834460004232824, 0.08649939997121692, 0.08669600007124245, 0.09752960002515465, 0.0839242999209091, 0.08351870009209961, 0.07765190000645816, 0.07982670003548265, 0.07782410003710538, 0.08094940008595586, 0.08370509999804199, 0.08649930008687079, 0.07686679996550083, 0.08689110004343092, 0.0751585999969393, 0.09387830004561692, 0.08755379996728152, 0.09440770000219345, 0.07835249998606741, 0.072106400039047, 0.07441080000717193, 0.07180590007919818, 0.07053569995332509, 0.08034179999958724, 0.07338880002498627, 0.07425790000706911, 0.09091699996497482, 0.0811574999243021, 0.07399820000864565, 0.0744266000110656, 0.0828147999709472, 0.10039670008700341, 0.10459889995399863, 0.10535600001458079, 0.09087249997537583, 0.07233070000074804, 0.08501379995141178, 0.09751619992312044, 0.07693450001534075, 0.0771700000623241, 0.09445750003214926, 0.07106780004687607, 0.08502920006867498, 0.09478800010401756, 0.08311770006548613, 0.09188970003742725, 0.07027159992139786, 0.07732370006851852, 0.09036460006609559, 0.08786809991579503, 0.07742190000135452, 0.09174519998487085, 0.09852990007493645, 0.0778831000206992, 0.0775603000074625, 0.07607149996329099, 0.07257540000136942, 0.07825549994595349, 0.08007230004295707]",False,0,0.0
gmm_heuristic,Benchmark Obstacle Detour,17,0.05,False,False,False,False,False,False,0.451619507848554,0.0,0.0718774770708264,0.2141150564937484,2.583660122630226,10.997937086640231,26.91184297554227,0.0005450002718685593,0.2924807650002185,0.2930818499880843,0.5198982000059914,0.7818302999949083,29.248076500021853,1.0,31.10039059992414,30.878721600049175,5.0,100,5,5,"[0.3789551999652758, 0.19121580000501126, 0.07495949999429286, 0.3785093000624329, 0.33976120001170784, 0.23413120000623167, 0.30085340002551675, 0.11195509997196496, 0.3165106000378728, 0.29956690000835806, 0.18923380004707724, 0.18918749992735684, 0.19091370003297925, 0.17277760000433773, 0.29727189999539405, 0.09762700006831437, 0.3217173999873921, 0.22330649988725781, 0.09929180005565286, 0.5252561999950558, 0.2888917999807745, 0.3275627000257373, 0.5051477000815794, 0.1928483999799937, 0.20901320001576096, 0.3208191000157967, 0.18024599994532764, 0.43617959995754063, 0.1350584999890998, 0.17325280001387, 0.18934579996857792, 0.4429209999507293, 0.4086686000227928, 0.09928109997417778, 0.1511670999461785, 0.2408391999779269, 0.2735930000199005, 0.3733792999992147, 0.2482016000431031, 0.34051519993226975, 0.36526160000357777, 0.3451054999604821, 0.24684439995326102, 0.3484727001050487, 0.3211345999734476, 0.17747640004381537, 0.38741860003210604, 0.210752300103195, 0.1827858000760898, 0.5532099000411108, 0.28486510005313903, 0.20626200002152473, 0.4900431999703869, 0.19825989997480065, 0.5607646000571549, 0.2976061999797821, 0.09023390000220388, 0.5076263999799266, 0.4566730000078678, 0.3647271000081673, 0.31300010008271784, 0.19795530010014772, 0.1937773999525234, 0.5754871999379247, 0.23847250000108033, 0.21973760006949306, 0.31880779995117337, 0.5196162000065669, 0.251990900025703, 0.347937099984847, 0.35755289997905493, 0.21655129990540445, 0.12800939998123795, 0.20847780001349747, 0.3045092999236658, 0.1178800999186933, 0.2743957999628037, 0.2694228000473231, 0.47613189998082817, 0.22784960002172738, 0.41014019993599504, 0.32650239998474717, 0.3686247000005096, 0.07802899996750057, 0.3460820000618696, 0.23451249999925494, 0.2044099000049755, 0.3560682999668643, 0.2695176999550313, 0.7818302999949083, 0.5005662000039592, 0.20220920001156628, 0.20668309996835887, 0.3393403000663966, 0.36655639996752143, 0.3356691999360919, 0.3082025999901816, 0.34645650000311434, 0.08618580002803355, 0.3574707000516355]",True,18,1.6306451000273228
heuristic,Benchmark Obstacle Detour,17,0.05,False,False,False,False,False,False,0.4104245216252055,0.0,0.06532109138277795,0.19487333949519894,2.754493277951788,10.69476748997925,25.101363542410823,0.0006164948757481498,0.4440836339944508,0.4097374500124715,0.7752042100182734,0.8240721999900416,44.40836339944508,1.0,44.663174299988896,44.40836339944508,5.0,100,2,3,"[0.4095378000056371, 0.19217609998304397, 0.4831722000380978, 0.2275548999896273, 0.6802330000791699, 0.5120611999882385, 0.8165766999591142, 0.22662149998359382, 0.5584557999391109, 0.6419851999962702, 0.12056419998407364, 0.2997927999822423, 0.29370909999124706, 0.6111692000413314, 0.3822430999716744, 0.40443769993726164, 0.5991422000806779, 0.19619120005518198, 0.6422588999848813, 0.40993710001930594, 0.7843244000105187, 0.8240721999900416, 0.18141250009648502, 0.3263099000323564, 0.5897823000559583, 0.5419398000231013, 0.4957157999742776, 0.5712620000122115, 0.5424792000558227, 0.3053805000381544, 0.5886430001119152, 0.21323300001677126, 0.10028949996922165, 0.2963679999811575, 0.4257264999905601, 0.6342447999631986, 0.30103490001056343, 0.8184928999980912, 0.2835372000699863, 0.3002363999839872, 0.5879636999452487, 0.3892390999244526, 0.22214089997578412, 0.20386480004526675, 0.6512436999473721, 0.481459999922663, 0.4408822999102995, 0.5543638999806717, 0.19800640002358705, 0.7423254000023007, 0.4076749000232667, 0.40733049996197224, 0.3254453999688849, 0.4185455000260845, 0.5035596999805421, 0.3349940999178216, 0.2965970999794081, 0.26223510003183037, 0.257687299977988, 0.4433969999663532, 0.3730339000467211, 0.5728377999039367, 0.463453899952583, 0.3221925999969244, 0.31610339996404946, 0.43457979999948293, 0.3239110999274999, 0.639196699950844, 0.7945213000057265, 0.6320788000011817, 0.40237949998117983, 0.2541774999117479, 0.6285253999521956, 0.3686198000796139, 0.45417439995799214, 0.5037049999227747, 0.7568890999536961, 0.63733699999284, 0.5600723999086767, 0.3856181000592187, 0.1288945999694988, 0.39182219991926104, 0.4034038999816403, 0.5545263000531122, 0.5062576000345871, 0.5222999999532476, 0.31750780006404966, 0.35324329999275506, 0.47725310001987964, 0.523350500036031, 0.7149075000779703, 0.3596631999826059, 0.3474224000237882, 0.1965075999032706, 0.6223678999813274, 0.4007097000721842, 0.35877280007116497, 0.2921998999081552, 0.7747242000186816, 0.3778599000070244]",False,0,0.0
uniform,Benchmark Obstacle Detour,17,0.05,False,False,False,False,False,False,0.11590048551571132,0.012818107785932578,0.3225693245167245,0.036594135051076844,2.8740680685681372,10.719466760952473,19.67013656154574,0.0009630240988562355,0.13750218498869798,0.12484545004554093,0.21663345007109455,0.24680760002229363,13.750218498869799,1.0,13.8920550000621,13.750218498869799,5.0,100,0,0,"[0.08838520001154393, 0.1217776999110356, 0.08333249995484948, 0.07331010000780225, 0.09151509997900575, 0.08462580002378672, 0.08380339993163943, 0.09430669993162155, 0.1015147001016885, 0.07815820001997054, 0.0852961998898536, 0.10725239990279078, 0.1093711000867188, 0.0979728999081999, 0.10275439999531955, 0.16126819991040975, 0.1725389000494033, 0.19405839999672025, 0.20189199992455542, 0.18848490004893392, 0.15498730004765093, 0.11094479996245354, 0.2165434000780806, 0.15180420002434403, 0.18286729999817908, 0.22754300001543015, 0.24680760002229363, 0.13933490007184446, 0.160680599976331, 0.09604759991634637, 0.11502409994136542, 0.18365939997602254, 0.1460256000282243, 0.1436145999468863, 0.10932639997918159, 0.12005659996066242, 0.2029694999800995, 0.17508740001358092, 0.18052120006177574, 0.15340850001666695, 0.10503370000515133, 0.15880929992999882, 0.14649840001948178, 0.15935329999774694, 0.11218310007825494, 0.11087350000161678, 0.11975559999700636, 0.10278800001833588, 0.13584349991288036, 0.12084869993850589, 0.129486299934797, 0.08681269991211593, 0.10867730004247278, 0.10176300001330674, 0.08344509999733418, 0.07967260002624243, 0.10345129994675517, 0.10087309998925775, 0.12332740006968379, 0.08763780002482235, 0.09311879996675998, 0.09441230003722012, 0.1510069000069052, 0.1649406999349594, 0.19253610004670918, 0.16621460008900613, 0.21834439993835986, 0.18987420003395528, 0.1757965999422595, 0.11514899996109307, 0.1391591998981312, 0.12636350002139807, 0.14629159995820373, 0.10260889993514866, 0.09588179993443191, 0.13037799997255206, 0.2062212999444455, 0.1859423000132665, 0.12752390000969172, 0.17464969994034618, 0.1425772999646142, 0.21124370000325143, 0.2057815999723971, 0.22025229991413653, 0.23809570004232228, 0.1731493000406772, 0.18159069993998855, 0.1899358999216929, 0.13144290004856884, 0.10679630003869534, 0.10799629997927696, 0.10996290005277842, 0.11266669991891831, 0.1096663000062108, 0.11748170002829283, 0.1032437999965623, 0.15986490005161613, 0.11173589993268251, 0.09557690005749464, 0.10873709991574287]",False,0,0.0
gmm_heuristic,Benchmark Multi-Axis Motion,17,0.05,True,True,True,True,True,False,0.0,0.0,0.0,0.0,0.5156984130412743,3.751235845133882,6.703375528314897,0.02680004681646915,0.15020646785602107,0.1378423499991186,0.22666431998950426,0.5906047999160364,4.20578109996859,1.0,5.272309099906124,5.254748399951495,1.4000000000000001,28,0,8,"[0.23327399999834597, 0.16285510000307113, 0.5906047999160364, 0.08997850003652275, 0.14102430001366884, 0.12795029999688268, 0.0661427000304684, 0.14194779994431883, 0.16384980001021177, 0.15718880004715174, 0.19102100003510714, 0.13666650000959635, 0.21438919997308403, 0.1172935999929905, 0.07185960002243519, 0.11236159992404282, 0.1501945999916643, 0.1143959000473842, 0.12127260002307594, 0.12446500000078231, 0.12572839995846152, 0.06832930003292859, 0.1058168999152258, 0.07176640001125634, 0.15800900000613183, 0.15692940005101264, 0.151447799988091, 0.13901819998864084]",True,48,1.0489672999829054
heuristic,Benchmark Multi-Axis Motion,17,0.05,True,True,True,True,True,False,0.0,0.0,0.0,0.0,0.5166380554375446,3.7493321089045777,6.701798887860491,0.02680004681646915,0.23631458928658894,0.219113550032489,0.35166451494442297,0.3804136000107974,6.61680850002449,1.0,6.633588300086558,6.61680850002449,1.4000000000000001,28,0,8,"[0.2121510999277234, 0.2479416000423953, 0.20548160001635551, 0.355792099959217, 0.2788873000536114, 0.1625173999927938, 0.16974030004348606, 0.2087024999782443, 0.08089140010997653, 0.22199870005715638, 0.28002310008741915, 0.26893949997611344, 0.2013176999753341, 0.21152520005125552, 0.15705319994594902, 0.1525320999789983, 0.24982360005378723, 0.31342849996872246, 0.20793110004160553, 0.1928660999983549, 0.3439989999169484, 0.312292099930346, 0.2576431999914348, 0.2600182999158278, 0.3804136000107974, 0.21622840000782162, 0.25302339997142553, 0.21364640002138913]",False,0,0.0
uniform,Benchmark Multi-Axis Motion,17,0.05,False,False,True,False,False,False,0.16898960633372684,0.004503911563985011,0.12325122741815271,0.05157983863246922,2.7501614900371822,5.3469878803018105,15.289390836551798,0.02680004681646915,0.07594879800104536,0.0754916500300169,0.09355944004491903,0.10688680002931505,7.594879800104536,0.97,7.6600622000405565,7.594879800104536,5.0,100,0,0,"[0.07373960001859814, 0.07841459999326617, 0.06682339997496456, 0.07805919996462762, 0.08695689996238798, 0.08198280003853142, 0.07236480002757162, 0.07449170004110783, 0.07145589997526258, 0.07135770004242659, 0.07200300006661564, 0.07187870005145669, 0.07722059998195618, 0.0714606000110507, 0.06983709998894483, 0.08118360000662506, 0.10688680002931505, 0.06441390002146363, 0.07854700007010251, 0.0890275000128895, 0.07713350001722574, 0.05232599994633347, 0.049123300006613135, 0.06883280002512038, 0.07248199998866767, 0.0723859000718221, 0.06779929995536804, 0.06832700001541525, 0.07780510000884533, 0.07343049999326468, 0.08178280002903193, 0.08150130009744316, 0.07597260002512485, 0.07569810003042221, 0.06781659997068346, 0.07127549999859184, 0.08745400002226233, 0.07627030008006841, 0.07529239996802062, 0.10119369998574257, 0.09015429997816682, 0.07742139999754727, 0.03485150006599724, 0.06132360000628978, 0.09312499989755452, 0.07935739995446056, 0.08411779999732971, 0.07892100000753999, 0.07502530002966523, 0.08058569999411702, 0.07393890002276748, 0.0705182000529021, 0.07540510001126677, 0.07321699999738485, 0.07377160002943128, 0.07275439996737987, 0.07551070000045002, 0.09359059995040298, 0.08996939996723086, 0.06702179997228086, 0.0717766999732703, 0.06923540006391704, 0.07012960000429302, 0.06679429998621345, 0.07197240006644279, 0.08030379994306713, 0.07603170000948012, 0.0692190999398008, 0.06906710006296635, 0.07549529999960214, 0.08052820002194494, 0.07074769993778318, 0.06972509995102882, 0.0846497000893578, 0.06610320007894188, 0.0657808999530971, 0.06596230005379766, 0.07548800006043166, 0.06652599992230535, 0.06987269991077483, 0.07821780000813305, 0.07580140000209212, 0.10108129994478077, 0.08468769991304725, 0.07793609995860606, 0.049277400015853345, 0.08266650000587106, 0.07856659998651594, 0.08304400008637458, 0.08954059996176511, 0.07995049993041903, 0.07721380004659295, 0.10216649994254112, 0.08031029999256134, 0.07117380003910512, 0.09355780004989356, 0.08397329994477332, 0.07795219996478409, 0.07348429993726313, 0.08627989992965013]",False,0,0.0
gmm_heuristic,Benchmark Point-to-Point,18,0.05,True,True,True,True,True,False,0.0,0.0,0.0,0.0,0.29509052156449933,0.48389236601066415,1.6459914284039525,0.04287682265918312,0.155011689994717,0.14929324999684468,0.2666691250575241,0.2764792999951169,3.1002337998943403,1.0,3.9391475999727845,3.9258739999495447,1.0,20,0,8,"[0.1193601000122726, 0.07260200008749962, 0.2764792999951169, 0.18796090001706034, 0.08676949993241578, 0.1590163999935612, 0.08539949997793883, 0.19343570002820343, 0.08559249993413687, 0.190237500006333, 0.13957010000012815, 0.26615280006080866, 0.25787049997597933, 0.13473309995606542, 0.08913169999141246, 0.08097730006556958, 0.16082369990181178, 0.17164239997509867, 0.1306398999877274, 0.21183889999520034]",True,48,0.8256402000552043
heuristic,Benchmark Point-to-Point,18,0.05,True,True,True,True,True,False,0.0,0.0,0.0,0.0,0.29509052156449933,0.48389236601066415,1.6459914284039525,0.04287682265918312,0.21075776000507176,0.2023007000098005,0.28386641507386234,0.3185702000046149,4.215155200101435,1.0,4.228917700005695,4.215155200101435,1.0,20,0,8,"[0.18037770001683384, 0.21848090004641563, 0.22217920003458858, 0.168987299897708, 0.14725959999486804, 0.254196299938485, 0.22380139993038028, 0.2820399000775069, 0.16642869997303933, 0.25547450000885874, 0.3185702000046149, 0.1770703000947833, 0.14874740003142506, 0.23880609998013824, 0.18060640001203865, 0.1595440999371931, 0.18612049997318536, 0.2702627000398934, 0.2776083000935614, 0.13859370001591742]",False,0,0.0
uniform,Benchmark Point-to-Point,18,0.05,False,False,False,False,False,False,0.19379466602607168,0.0013940872460364018,0.06526884231233482,0.057170193610049956,2.7479865113935227,3.1851078307973357,7.925458958312621,0.02527085974085172,0.08698496800032444,0.08606644999235868,0.10638614008203148,0.11373679991811514,8.698496800032444,1.0,8.773600900080055,8.698496800032444,5.0,100,0,0,"[0.0946486999746412, 0.10453100001905113, 0.08511480002198368, 0.09071090002544224, 0.0874947999836877, 0.10000239999499172, 0.07736570003908128, 0.09562340006232262, 0.07494469999801368, 0.0812662000535056, 0.10271230002399534, 0.10834829998202622, 0.10956540005281568, 0.08708200010005385, 0.10631360008846968, 0.08255310007371008, 0.07310759997926652, 0.0904380000429228, 0.09005429991520941, 0.07331050001084805, 0.07150710001587868, 0.08476369990967214, 0.08475070004351437, 0.07738650008104742, 0.0889894999563694, 0.09542290004901588, 0.09100620006211102, 0.11373679991811514, 0.10169529996346682, 0.08267270005308092, 0.0836679000640288, 0.08541900001000613, 0.0763743999414146, 0.08691369998268783, 0.08070069993846118, 0.07841700001154095, 0.0804828000254929, 0.09673360001761466, 0.10051150002982467, 0.08248270000331104, 0.0870862000156194, 0.09991470002569258, 0.08810940000694245, 0.07531650003511459, 0.07206279993988574, 0.08762539993040264, 0.0902585000731051, 0.08052399998996407, 0.11197650001849979, 0.06647199997678399, 0.09835220000240952, 0.07957509998232126, 0.07887779991142452, 0.1007097999099642, 0.09785720007494092, 0.10776439995970577, 0.08841999992728233, 0.08456900005694479, 0.10047939990181476, 0.09753719996660948, 0.09212739998474717, 0.09675739996600896, 0.0797180999070406, 0.08959900005720556, 0.08209359995089471, 0.07572119997348636, 0.07334850006736815, 0.07558350008912385, 0.09336089994758368, 0.0965718999505043, 0.08816980000119656, 0.08463109994772822, 0.09446709998883307, 0.08878199988976121, 0.08609770005568862, 0.07464599993545562, 0.07186159992124885, 0.07793250004760921, 0.07684969995170832, 0.08546700002625585, 0.07690480002202094, 0.09274750004988164, 0.08672040002420545, 0.08621679991483688, 0.09052450000308454, 0.07368350005708635, 0.08264919999055564, 0.07348979997914284, 0.07621389999985695, 0.08803969994187355, 0.07912880007643253, 0.07762970007024705, 0.07906190003268421, 0.08603519992902875, 0.061497600050643086, 0.0813452999573201, 0.10526380001101643, 0.0957319000735879, 0.08558229997288436, 0.08393369999248534]",False,0,0.0
gmm_heuristic,Benchmark Obstacle Detour,18,0.05,False,False,False,False,False,False,0.4105909800552777,0.0,0.06534758406474327,0.1949512622306573,2.3607478603324528,11.151991842743309,26.34203855377978,0.0010291085586879994,0.2687020140059758,0.24887850001687184,0.451363924954785,0.6844345999415964,26.87020140059758,1.0,28.631517099915072,28.440151200513355,5.0,100,10,9,"[0.21481120004318655, 0.16383560001850128, 0.1571995000122115, 0.08449210005346686, 0.3304681000299752, 0.25498910003807396, 0.4031671999255195, 0.09995049994904548, 0.2217345000244677, 0.22472049994394183, 0.35955930000636727, 0.33735970000270754, 0.41929430002346635, 0.3674706999445334, 0.33601590001489967, 0.3979248999385163, 0.10207720007747412, 0.24287999991793185, 0.379690199973993, 0.20709119993261993, 0.45839439996052533, 0.11529970006085932, 0.4965404000831768, 0.23049410001840442, 0.3337349999928847, 0.09465950005687773, 0.3521479000337422, 0.0810415999731049, 0.10462369991000742, 0.2529900000663474, 0.37502630008384585, 0.6844345999415964, 0.40312959998846054, 0.4015787000535056, 0.6007270999252796, 0.20983159996103495, 0.265374300070107, 0.38102709990926087, 0.4000358999473974, 0.10746860003564507, 0.09783600002992898, 0.26837199996225536, 0.40036630001850426, 0.10255070007406175, 0.09944679995533079, 0.30271399999037385, 0.36153390002436936, 0.18257920001633465, 0.2610077999997884, 0.40641679998952895, 0.15835969999898225, 0.10019270004704595, 0.17364220006857067, 0.15314970002509654, 0.23411049996502697, 0.1896779000526294, 0.21929410006850958, 0.08838239999022335, 0.08875649992842227, 0.18035839998628944, 0.31738749996293336, 0.36842640000395477, 0.3223068000515923, 0.21389319992158562, 0.2167705000611022, 0.10175250004976988, 0.32244130002800375, 0.21063850005157292, 0.1667268000310287, 0.4509938999544829, 0.43188950000330806, 0.436682999948971, 0.3920347000239417, 0.4847504000645131, 0.18436159996781498, 0.08524190005846322, 0.27445969998370856, 0.2143186000175774, 0.09065499994903803, 0.4263881000224501, 0.3814938000869006, 0.18315200007054955, 0.2488728000316769, 0.32811780006159097, 0.2014327000360936, 0.16952789993956685, 0.2066616000374779, 0.34883400006219745, 0.2323906000237912, 0.10350820003077388, 0.2241294999839738, 0.34176759992260486, 0.22126469993963838, 0.288382799946703, 0.2488842000020668, 0.3746432000771165, 0.3568500999826938, 0.36811410007067025, 0.37357980001252145, 0.23443469998892397]",True,15,1.5699497999157757
heuristic,Benchmark Obstacle Detour,18,0.05,False,False,False,False,False,False,0.483708115382838,0.0020000000000000018,0.09384334533987587,0.22741962841476154,2.7900914780102988,10.708100535224634,28.25812535692102,0.0005898669997978639,0.42500438299262894,0.4256132000591606,0.7310460200824309,0.7919052999932319,42.500438299262896,1.0,42.71828819997609,42.500438299262896,5.0,100,3,3,"[0.2912480999948457, 0.4065778999356553, 0.29587110003922135, 0.30517279997002333, 0.19187680003233254, 0.43418859993107617, 0.5465426000300795, 0.3626592999789864, 0.591793300001882, 0.4242665000492707, 0.4442111999960616, 0.49137900001369417, 0.7304723000852391, 0.37342839990742505, 0.340348600060679, 0.33120899996720254, 0.5157647000160068, 0.48588459996972233, 0.576561100082472, 0.5927660999586806, 0.19982690003234893, 0.31625640008132905, 0.4065943999448791, 0.17899299995042384, 0.42831059999298304, 0.5205321999965236, 0.4685332999797538, 0.39347460004501045, 0.6599564999341965, 0.1943233999190852, 0.4269599000690505, 0.5746942999539897, 0.49999689997639507, 0.29575749998912215, 0.4708374000620097, 0.5443592999363318, 0.5432359999977052, 0.7830239000031725, 0.07788999995682389, 0.2933006000239402, 0.09054099989589304, 0.312669700011611, 0.3995184999657795, 0.5491045999806374, 0.31447960005607456, 0.10022689995821565, 0.5573917999863625, 0.747486500069499, 0.43250849994365126, 0.3590789999580011, 0.36532049998641014, 0.5215513000730425, 0.6706324999686331, 0.7419467000290751, 0.31835039996076375, 0.37869629997294396, 0.4453413999872282, 0.5169640999520198, 0.4604910999769345, 0.4945487000513822, 0.5399818000150844, 0.09119369997642934, 0.3109973999671638, 0.5843034000135958, 0.7919052999932319, 0.3457575999200344, 0.6780765000730753, 0.32427890005055815, 0.4894725999329239, 0.3355341999558732, 0.20400039991363883, 0.4736449000192806, 0.43069070007186383, 0.5608240999281406, 0.37223290000110865, 0.43354410002939403, 0.624242499936372, 0.6554498999612406, 0.5762224999489263, 0.7827414999483153, 0.16683980007655919, 0.1495918999426067, 0.5264675000216812, 0.2443027999252081, 0.2512531999964267, 0.2510699999984354, 0.6155486999778077, 0.4165270000230521, 0.3453199000796303, 0.6813205999787897, 0.35488330002408475, 0.47956880007404834, 0.16473630000837147, 0.2960907999658957, 0.249187899986282, 0.3370123999193311, 0.3018219000659883, 0.25222719996236265, 0.4090088999364525, 0.6166362999938428]",False,0,0.0
uniform,Benchmark Obstacle Detour,18,0.05,False,False,False,False,False,False,0.11088425427079382,0.007203259527925374,0.1835026668686068,0.009616960982771868,2.8027951222176286,5.385644452875655,9.346338634168522,0.0008821471223528499,0.1404539520025719,0.12680310005089268,0.2210104200290516,0.254166700062342,14.04539520025719,1.0,14.183439600048587,14.04539520025719,5.0,100,2,0,"[0.09415010001976043, 0.1747454000869766, 0.08991570002399385, 0.1016596999252215, 0.08614899998065084, 0.12220690003596246, 0.11023309989832342, 0.10489630000665784, 0.11183259997051209, 0.12460290000308305, 0.17857999994885176, 0.2035628000739962, 0.17200099991168827, 0.22176510002464056, 0.19323919992893934, 0.254166700062342, 0.21643899998161942, 0.16162030003033578, 0.1939117000438273, 0.18764050002209842, 0.1490711000515148, 0.18462519999593496, 0.17312379996292293, 0.2017533000325784, 0.20718539995141327, 0.15834989992436022, 0.19374679995235056, 0.1712275999598205, 0.14819809992332011, 0.13868299999739975, 0.11321280000265688, 0.12453919998370111, 0.17321370006538928, 0.11433150002267212, 0.10865260008722544, 0.11860159994103014, 0.14762639999389648, 0.13956929999403656, 0.13628400000743568, 0.11997899995185435, 0.09939739992842078, 0.09686619997955859, 0.10511870007030666, 0.08402190008200705, 0.0863460999680683, 0.09146799996960908, 0.1178211000515148, 0.1270665000192821, 0.10162710002623498, 0.13646219996735454, 0.10778710001613945, 0.09090489998925477, 0.09873690002132207, 0.10278570000082254, 0.0921339999185875, 0.17876639997120947, 0.19763039995450526, 0.2409518000204116, 0.22701909998431802, 0.14703210000880063, 0.12656730005983263, 0.08947429992258549, 0.1514220000244677, 0.12067500001285225, 0.13605450000613928, 0.12735500000417233, 0.12332000001333654, 0.10531250003259629, 0.12539810000453144, 0.09278459998313338, 0.10176589991897345, 0.12703890004195273, 0.15901870001107454, 0.11623040004633367, 0.1447608000598848, 0.10796950000803918, 0.18048340000677854, 0.10418899997603148, 0.12111779989209026, 0.09999680006876588, 0.10364640003535897, 0.10047199996188283, 0.10937280009966344, 0.1057944999774918, 0.08319880010094494, 0.11285450006835163, 0.08956930006388575, 0.16859680006746203, 0.21458969998639077, 0.16865519993007183, 0.16901630000211298, 0.18831070000305772, 0.20261650008615106, 0.1364259000401944, 0.2509258999489248, 0.22097070002928376, 0.109379299916327, 0.13373600004706532, 0.1424801000393927, 0.11861340003088117]",False,0,0.0
gmm_heuristic,Benchmark Multi-Axis Motion,18,0.05,True,True,True,True,True,False,0.0,0.0,0.0,0.0,0.5166380554375446,3.7496295782667923,6.701798887860491,0.02680004681646915,0.15624996428128465,0.14828834997024387,0.2517152650107164,0.26268120005261153,4.37499899987597,1.0,5.320842200075276,5.301853799843229,1.4000000000000001,28,0,8,"[0.16542109998408705, 0.08160339994356036, 0.19306219997815788, 0.1501828000182286, 0.08374349994119257, 0.20815780002158135, 0.1770383999682963, 0.18466529995203018, 0.2521136000286788, 0.1861281000310555, 0.13480999995954335, 0.14639389992225915, 0.2159576000412926, 0.13590550003573298, 0.18029460008256137, 0.18877240002620965, 0.13197019998915493, 0.08695849997457117, 0.07498380006290972, 0.07736029999796301, 0.17359339992981404, 0.26268120005261153, 0.13571930001489818, 0.2509754999773577, 0.13485699996817857, 0.09273989999201149, 0.14234849996864796, 0.12656120001338422]",True,48,0.9268547999672592
heuristic,Benchmark Multi-Axis Motion,18,0.05,True,True,True,True,True,False,0.0,0.0,0.0,0.0,0.5155849114886542,3.7487097807614966,6.698283561698941,0.02680004681646915,0.21610973572075767,0.22027494997018948,0.3137797050294466,0.34132889995817095,6.0510726001812145,1.0,6.069576500100084,6.0510726001812145,1.4000000000000001,28,0,8,"[0.25332709995564073, 0.29537100007291883, 0.12781460001133382, 0.13446510001085699, 0.16665379994083196, 0.17870619997847825, 0.2666204000124708, 0.2152637999970466, 0.27165630005765706, 0.22083000000566244, 0.22494570002891123, 0.13755890005268157, 0.2420517000136897, 0.1864033000310883, 0.1267227999633178, 0.2297143000178039, 0.2619447000324726, 0.18659099994692951, 0.16802550002466887, 0.17380400002002716, 0.34132889995817095, 0.22649830009322613, 0.1225550000090152, 0.1721162999747321, 0.21971989993471652, 0.29894300003070384, 0.32176870002876967, 0.27967229997739196]",False,0,0.0
uniform,Benchmark Multi-Axis Motion,18,0.05,False,False,False,False,False,False,0.15836110081464747,0.0027526165107237682,0.07751101313547654,0.06396835325548951,2.718906131933027,4.067200305164738,12.76334748841444,0.02680004681646915,0.08495626599760726,0.08370299998205155,0.10439559996593743,0.15933009993750602,8.495626599760726,1.0,8.563885299954563,8.495626599760726,5.0,100,0,0,"[0.08440530009102076, 0.07890890003181994, 0.08445429999846965, 0.06416559999343008, 0.09110940003301948, 0.10000849992502481, 0.0781081001041457, 0.09324399998877198, 0.082916000043042, 0.09027889999561012, 0.095841099973768, 0.08125289995223284, 0.0748473999556154, 0.07618620002176613, 0.08748410001862794, 0.0926098000491038, 0.09888319997116923, 0.09156740002799779, 0.08435210003517568, 0.08772039995528758, 0.08745079999789596, 0.07933580002281815, 0.07433710002806038, 0.08269199996721, 0.0873819999396801, 0.08386070001870394, 0.0754185999976471, 0.08591589995194227, 0.10486870002932847, 0.08104840002488345, 0.07704420003574342, 0.07369450002443045, 0.07265610003378242, 0.0787327999714762, 0.07480780000332743, 0.0713315000757575, 0.08238559996243566, 0.07842530007474124, 0.07736669993028045, 0.08157639997079968, 0.10735419997945428, 0.08692129992414266, 0.08875210001133382, 0.08116920001339167, 0.07658170000649989, 0.07655100000556558, 0.0729552999837324, 0.07065340003464371, 0.08519769995473325, 0.09587660001125187, 0.08103460003621876, 0.09312750003300607, 0.09889770008157939, 0.15933009993750602, 0.09410760004539043, 0.0855490000685677, 0.07721849996596575, 0.08744180004578084, 0.07977790001314133, 0.0711190999718383, 0.09040429990272969, 0.07467120001092553, 0.08411409996915609, 0.10590699990279973, 0.0787006999598816, 0.08275449997745454, 0.0811643999768421, 0.08380969997961074, 0.08492320007644594, 0.09358929994050413, 0.0889653000049293, 0.07951800001319498, 0.07134210004005581, 0.08359629998449236, 0.07641370000783354, 0.07772199995815754, 0.0747745999833569, 0.08564740000292659, 0.10144270001910627, 0.0798499999800697, 0.08933239988982677, 0.08437270007561892, 0.08414329995866865, 0.07457089994568378, 0.07433560001663864, 0.08568419993389398, 0.09258609998505563, 0.09775630000513047, 0.08011559990700334, 0.07993970008101314, 0.07852670003194362, 0.08499710005708039, 0.07772639999166131, 0.07261190004646778, 0.08210859994869679, 0.09099970001261681, 0.10437069996260107, 0.08486469998024404, 0.10830859991256148, 0.09067409997805953]",False,0,0.0
gmm_heuristic,Benchmark Point-to-Point,19,0.05,True,True,True,True,True,False,0.0,0.0,0.0,0.0,0.29509052156449933,0.4838540582631613,1.6459914284039525,0.04287682265918312,0.1664650400110986,0.1544939000159502,0.2716141400393099,0.2926517000887543,3.329300800221972,1.0,4.253323999932036,4.240208400296979,1.0,20,0,8,"[0.11882319999858737, 0.13610359991434962, 0.19526159996166825, 0.1268669000128284, 0.22979570005554706, 0.24348679999820888, 0.08530390006490052, 0.1316396000329405, 0.1306530999718234, 0.19510809995699674, 0.17630709998775274, 0.2705069000367075, 0.17760299996007234, 0.17785530001856387, 0.13093390001449734, 0.12546180002391338, 0.07595080009195954, 0.2926517000887543, 0.17282229999545962, 0.1361655000364408]",True,48,0.9109076000750065
heuristic,Benchmark Point-to-Point,19,0.05,True,True,True,True,True,False,0.0,0.0,0.0,0.0,0.29399634379167816,0.4837931789610339,1.6446767303276446,0.04287682265918312,0.20813963500550017,0.20215510000707582,0.3050937150081154,0.32323899993207306,4.162792700110003,1.0,4.1771368000190705,4.162792700110003,1.0,20,0,8,"[0.19689040002413094, 0.32323899993207306, 0.26814129995182157, 0.2483506000135094, 0.25118139991536736, 0.26061370002571493, 0.2425330999540165, 0.1262719000224024, 0.3041387000121176, 0.2074197999900207, 0.16489400004502386, 0.20852590003050864, 0.2238247999921441, 0.16945550008676946, 0.14662749995477498, 0.18887830001767725, 0.1547238000202924, 0.17506650008726865, 0.15834119997452945, 0.14367530005984008]",False,0,0.0
uniform,Benchmark Point-to-Point,19,0.05,False,False,False,False,False,False,0.04106106594119209,0.0033878813736405167,0.08509866826836399,0.018559373641257374,2.827469639868398,3.9767841908094352,8.774339421500304,0.03805080019995505,0.07970512699219398,0.07593344995984808,0.09915085497195832,0.10683170007541776,7.970512699219398,1.0,8.033971900003962,7.970512699219398,5.0,100,0,0,"[0.09876570000778884, 0.0829836999764666, 0.06933760002721101, 0.071815500035882, 0.07507979997899383, 0.07238499994855374, 0.07197099993936718, 0.0713176999706775, 0.0755374999716878, 0.0752325999783352, 0.06957020005211234, 0.0725084999576211, 0.08029880002140999, 0.06981879996601492, 0.08632629993371665, 0.08643139991909266, 0.0726330999750644, 0.07970020000357181, 0.07232079992536455, 0.06766499998047948, 0.0695841999258846, 0.0719012999907136, 0.07279100001323968, 0.07992420007940382, 0.07327050005551428, 0.08833459997549653, 0.07290199992712587, 0.07326309999916703, 0.07448710000608116, 0.07146689994260669, 0.07093239994719625, 0.07848350005224347, 0.07108050002716482, 0.08139179996214807, 0.06950470001902431, 0.0708339000120759, 0.071585200028494, 0.07325060002040118, 0.09988150000572205, 0.07506230007857084, 0.07232050003949553, 0.07718490005936474, 0.06966329994611442, 0.07189529994502664, 0.07068649993743747, 0.0699224000563845, 0.08115399989765137, 0.0835036999778822, 0.07484639994800091, 0.07800909993238747, 0.07074479991570115, 0.07410640001762658, 0.07635699992533773, 0.07423389994073659, 0.07452420005574822, 0.0728190999943763, 0.07303099997807294, 0.06925219995900989, 0.07077919994480908, 0.07632939994800836, 0.07454959989991039, 0.07155620004050434, 0.07217709999531507, 0.07151880010496825, 0.0735008999472484, 0.09544820000883192, 0.08963240007869899, 0.08796180004719645, 0.09502500004600734, 0.08349780004937202, 0.08100439992267638, 0.09911239997018129, 0.07515579997561872, 0.07821170007809997, 0.07891559996642172, 0.08676400000695139, 0.08626489993184805, 0.1007874000351876, 0.08692689996678382, 0.0900684999069199, 0.09120280004572123, 0.0895858999574557, 0.08073209994472563, 0.08521180006209761, 0.10146940010599792, 0.08010159991681576, 0.08380379993468523, 0.07692190003581345, 0.10683170007541776, 0.08857289992738515, 0.09320100001059473, 0.09786820004228503, 0.09472619998268783, 0.08349400002043694, 0.08172750007361174, 0.07877170003484935, 0.07296659995336086, 0.08992260007653385, 0.09652719995938241, 0.1058006000239402]",False,0,0.0
gmm_heuristic,Benchmark Obstacle Detour,19,0.05,False,False,False,False,False,False,0.47887584217081686,0.0020000000000000018,0.0925050563475333,0.2249216609295975,2.232752312213479,10.828029310970685,28.57004148130762,0.0005311982212090754,0.2979976300068665,0.27696664998074993,0.5418310000328346,0.7238293000264093,29.799763000686653,1.0,31.535495799966156,31.326048700721003,5.0,100,10,9,"[0.14930539997294545, 0.08289449999574572, 0.2792243999429047, 0.2686275999294594, 0.2976145999273285, 0.33419410011265427, 0.16644539998378605, 0.17636189993936568, 0.3003856000723317, 0.20008750003762543, 0.10263780003879219, 0.4387316999491304, 0.27470890001859516, 0.09173560002818704, 0.3883564999559894, 0.22743179998360574, 0.11897860001772642, 0.2456322000361979, 0.5719802000094205, 0.12145089998375624, 0.7176535000326112, 0.5958089999621734, 0.267091799993068, 0.33067559998016804, 0.2618450000882149, 0.4582615999970585, 0.5238401999231428, 0.4125683999154717, 0.11491880007088184, 0.2444526000181213, 0.41804010001942515, 0.7238293000264093, 0.4572740000439808, 0.5002962000435218, 0.5072687000501901, 0.3721206000773236, 0.2287139999680221, 0.33197840000502765, 0.25572390004526824, 0.3706657000584528, 0.23677560000214726, 0.23938729998189956, 0.5174830000614747, 0.2858324999688193, 0.20556889998260885, 0.2526068000588566, 0.2989850000012666, 0.3744464000919834, 0.26094159996137023, 0.08958149992395192, 0.346561299986206, 0.10314329992979765, 0.08321710000745952, 0.2178192000137642, 0.28619499993510544, 0.08601790003012866, 0.3034833000274375, 0.20668689999729395, 0.25697290000971407, 0.5797330000204965, 0.3600252999458462, 0.08481170004233718, 0.5011816999176517, 0.09276779997162521, 0.10479340003803372, 0.23033910000231117, 0.10671910003293306, 0.29337550001218915, 0.3614555000094697, 0.48828489996958524, 0.20642369997221977, 0.20731500000692904, 0.10877449996769428, 0.33364710002206266, 0.3643933000275865, 0.3327264999970794, 0.4468374999705702, 0.11606090003624558, 0.31738720007706434, 0.2740353998960927, 0.540244200034067, 0.5308001999510452, 0.11304159997962415, 0.4848505000118166, 0.4070050000445917, 0.23440850002225488, 0.2583843000466004, 0.23598470003344119, 0.375729100080207, 0.08188419998623431, 0.36015160009264946, 0.2394454999594018, 0.14615400007460266, 0.4852104999590665, 0.35088690009433776, 0.3372758000623435, 0.26298410003073514, 0.158014600048773, 0.3017991000087932, 0.4029024000046775]",True,17,1.5262857000343502
heuristic,Benchmark Obstacle Detour,19,0.05,False,False,False,False,False,False,0.4773429323419395,0.0016971904328834352,0.088186612044171,0.22460355136850368,2.8740102262455323,10.762215645380081,27.969549133810425,0.0013961567175973383,0.3814035489957314,0.38418220001040027,0.6463428749586455,0.7588679000036791,38.14035489957314,1.0,38.337456900044344,38.14035489957314,5.0,100,1,1,"[0.32714289997238666, 0.3770743999630213, 0.49377900001127273, 0.5338639999972656, 0.6071744000073522, 0.17675339989364147, 0.5519365000072867, 0.4143507000990212, 0.2696047999197617, 0.40914090001024306, 0.5561020000604913, 0.36790309997741133, 0.5759970999788493, 0.1917074000230059, 0.6115403999574482, 0.4013643000507727, 0.23334000003524125, 0.4855320999631658, 0.2907920000143349, 0.2320161999668926, 0.16089840000495315, 0.2802655999548733, 0.25853160000406206, 0.20211049995850772, 0.35045720008201897, 0.26629189995583147, 0.1747795999981463, 0.4618331999517977, 0.2471271000104025, 0.37946770002599806, 0.4594212000956759, 0.23540269990917295, 0.2595432000234723, 0.38889419997576624, 0.23997110000345856, 0.646046599955298, 0.39736469998024404, 0.2854034999618307, 0.4908745000138879, 0.2678572000004351, 0.4281665999442339, 0.16194389993324876, 0.3961993999546394, 0.45318159996531904, 0.4546248000115156, 0.6851275999797508, 0.4554149000905454, 0.34478319995105267, 0.23785699997097254, 0.1587069999659434, 0.33497369999531657, 0.3794702000450343, 0.16092349996324629, 0.43902930000331253, 0.40484299999661744, 0.42609369999263436, 0.2852661000797525, 0.45291190000716597, 0.08464210003148764, 0.45465269999112934, 0.2840110999532044, 0.15369920001830906, 0.4995104999979958, 0.2660915000597015, 0.4732653999235481, 0.7588679000036791, 0.39819269999861717, 0.3133576000109315, 0.30686669994611293, 0.3422142999479547, 0.5444094999693334, 0.40254230005666614, 0.25854519999120384, 0.6519721000222489, 0.4415990998968482, 0.2961422000080347, 0.29552170005626976, 0.18792469997424632, 0.5106875000055879, 0.3173050000332296, 0.6754634999670088, 0.5358951999805868, 0.5301577999489382, 0.4554919999791309, 0.5079076000256464, 0.49319419998209924, 0.5366445999825373, 0.3438429000088945, 0.4146748000057414, 0.2856913000578061, 0.1057623999658972, 0.2634847000008449, 0.4986356000881642, 0.2976661999709904, 0.49637549999170005, 0.623396800016053, 0.2810703000286594, 0.656536600086838, 0.413380500045605, 0.26388669991865754]",False,0,0.0
uniform,Benchmark Obstacle Detour,19,0.05,False,False,False,False,False,False,0.2759077091010475,0.012375127885996817,0.3216021617699812,0.06237006576625794,2.791182632293421,5.2603493681557545,11.366049402443352,0.0016478939695470374,0.12780419700080528,0.1141003500088118,0.20725449498859233,0.24696860008407384,12.780419700080529,1.0,12.906744599924423,12.780419700080529,5.0,100,1,0,"[0.07457739999517798, 0.10038900002837181, 0.10011340002529323, 0.11306460003834218, 0.09106640005484223, 0.12833419989328831, 0.09647400001995265, 0.09781649999786168, 0.1131118000485003, 0.10558220010716468, 0.16818649997003376, 0.1610643999883905, 0.1780426000477746, 0.13150359992869198, 0.12447769998107105, 0.1308330000611022, 0.0821266999701038, 0.13516980002168566, 0.18378990003839135, 0.2070225999923423, 0.17885939998086542, 0.24696860008407384, 0.1777376999380067, 0.22532319999299943, 0.20158200000878423, 0.19334350002463907, 0.24358780006878078, 0.1602758999215439, 0.21166049991734326, 0.18040269997436553, 0.16836110001895577, 0.15946039999835193, 0.11533800000324845, 0.1332401999970898, 0.09772680001333356, 0.1064785000635311, 0.0899353000568226, 0.10571829997934401, 0.10731470002792776, 0.18846979993395507, 0.1597623999696225, 0.15266000002156943, 0.12064029998145998, 0.2188997999764979, 0.18619160004891455, 0.16317870002239943, 0.1169141000136733, 0.13148320000618696, 0.12203109997790307, 0.11411349999252707, 0.12236549996305257, 0.14605750003829598, 0.09615310002118349, 0.12608970003202558, 0.09491440001875162, 0.08703329996205866, 0.09272349998354912, 0.10029899992514402, 0.1266890000551939, 0.11151750001590699, 0.10218689998146147, 0.10460550000425428, 0.11236759996972978, 0.1194948999909684, 0.10670529992785305, 0.08717710000928491, 0.11179839994292706, 0.12597359996289015, 0.1258931999327615, 0.09641300002112985, 0.1478140999097377, 0.12695760000497103, 0.1201112000271678, 0.11241659999359399, 0.09746219997759908, 0.11634439998306334, 0.08903459995053709, 0.13708690006751567, 0.143299899995327, 0.09500830003526062, 0.11252730002161115, 0.09270539996214211, 0.08584870002232492, 0.0936144000152126, 0.10957179998513311, 0.10922790004406124, 0.10763390001375228, 0.12281069997698069, 0.10324660001788288, 0.08959009998943657, 0.10469870001543313, 0.0958370000589639, 0.10512840002775192, 0.10674109996762127, 0.1080602000001818, 0.0950588999548927, 0.08959330001380295, 0.14103250007610768, 0.11408720002509654, 0.11100639996584505]",False,0,0.0
gmm_heuristic,Benchmark Multi-Axis Motion,19,0.05,True,True,True,True,True,False,0.0,0.0,0.0,0.0,0.5162142221083328,3.7495690550611296,6.700476808849864,0.02680004681646915,0.1570071285781783,0.16886685002828017,0.2278421099705156,0.26888099999632686,4.396199600188993,1.0,5.336850400082767,5.3182218002621084,1.4000000000000001,28,0,8,"[0.11882159998640418, 0.08082469995133579, 0.1944682999746874, 0.1757542999694124, 0.20204939995892346, 0.18289729999378324, 0.12752400001045316, 0.08214330009650439, 0.13659899996127933, 0.22871549997944385, 0.08549999992828816, 0.1389628000324592, 0.1831214000703767, 0.22622009995393455, 0.12032390001695603, 0.17724180000368506, 0.20684670004993677, 0.16197940008714795, 0.26888099999632686, 0.12400469998829067, 0.2254524000454694, 0.1855263999896124, 0.18538659997284412, 0.21188229997642338, 0.07800720003433526, 0.13170370005536824, 0.07633420010097325, 0.07902760000433773]",True,48,0.9220222000731155
heuristic,Benchmark Multi-Axis Motion,19,0.05,True,True,True,True,True,False,0.0,0.0,0.0,0.0,0.5166380554375446,3.7493437360575297,6.701798887860491,0.02680004681646915,0.19810877498821355,0.19131775002460927,0.3037417599873152,0.35215249995235354,5.5470456996699795,1.0,5.565434499992989,5.5470456996699795,1.4000000000000001,28,0,8,"[0.2001833999529481, 0.2261453999672085, 0.23565169994253665, 0.13944810000248253, 0.26684679999016225, 0.29853240004740655, 0.1353129999479279, 0.16796210000757128, 0.30654679995495826, 0.1586690000258386, 0.16280920000281185, 0.25574329996015877, 0.22035880002658814, 0.2610943999607116, 0.18377280002459884, 0.16175090009346604, 0.12189090007450432, 0.2402118999743834, 0.11597769998479635, 0.15678899991326034, 0.1988627000246197, 0.244875599979423, 0.16483469994273037, 0.35215249995235354, 0.1105576999252662, 0.06818509998265654, 0.12194119999185205, 0.26993860001675785]",False,0,0.0
uniform,Benchmark Multi-Axis Motion,19,0.05,False,False,False,False,False,False,0.04106106594119209,0.0033878813736405167,0.08509866826836399,0.018559373641257374,2.747023851077082,4.124029441361591,11.671264682695803,0.02680004681646915,0.07811749700107612,0.07625884999288246,0.09831082007731311,0.13048779999371618,7.811749700107612,0.99,7.8730798999313265,7.811749700107612,5.0,100,0,0,"[0.07133890001568943, 0.09413779992610216, 0.07331779995001853, 0.07174240006133914, 0.07409939996432513, 0.0767788999946788, 0.07168839999940246, 0.07157209992874414, 0.07241280004382133, 0.0749553000787273, 0.07530749996658415, 0.07414070004597306, 0.07391220005229115, 0.07335920003242791, 0.07880929997190833, 0.07082030002493411, 0.07733459991868585, 0.08350619999691844, 0.08160669996868819, 0.13048779999371618, 0.07836539996787906, 0.09935619996394962, 0.09511669992934912, 0.0760507999220863, 0.08188359998166561, 0.09335830004420131, 0.08682900003623217, 0.08708530000876635, 0.07769970002118498, 0.0795308001106605, 0.08185869990848005, 0.08312750002369285, 0.07992629997897893, 0.07493220001924783, 0.074949000030756, 0.06985630001872778, 0.07714020006824285, 0.07945190009195358, 0.09825580008327961, 0.0717331999912858, 0.07105489994864911, 0.07276080001611263, 0.07495020003989339, 0.07558319997042418, 0.07744049991015345, 0.09071270003914833, 0.07730130001436919, 0.07878900005016476, 0.10104830004274845, 0.0825236999662593, 0.12276950001250952, 0.07235769997350872, 0.029091599979437888, 0.05709480005316436, 0.08052800002042204, 0.07234439998865128, 0.07230530004017055, 0.0703627000330016, 0.07423520006705076, 0.07354479993227869, 0.0753878999967128, 0.1112636000616476, 0.081884799990803, 0.07709470007102937, 0.07802839996293187, 0.07346819993108511, 0.07646690006367862, 0.08227640006225556, 0.07458219991531223, 0.07069359999150038, 0.07455719995778054, 0.07185369997750968, 0.0743444999679923, 0.08269289997406304, 0.07473550003487617, 0.07309110008645803, 0.07997949991840869, 0.07455900008790195, 0.07725650002248585, 0.07372499990742654, 0.07372990006115288, 0.07726760010700673, 0.0676138000562787, 0.07203739997930825, 0.06937599997036159, 0.08029299997724593, 0.07748789992183447, 0.07748420001007617, 0.06998220004606992, 0.07755629997700453, 0.07444039999973029, 0.07660950010176748, 0.08158729993738234, 0.07183299993630499, 0.07703069993294775, 0.08179730002302676, 0.08165499998722225, 0.07008550001773983, 0.07294549990911037, 0.07836179994046688]",False,0,0.0
